path,name,usgovmanual_addresses_address_0_address,usgovmanual_addresses_address_0_email,usgovmanual_addresses_address_0_fax,usgovmanual_addresses_address_0_phone,usgovmanual_addresses_address_0_webaddress,usgovmanual_addresses_address_1_address,usgovmanual_addresses_address_1_email,usgovmanual_addresses_address_1_fax,usgovmanual_addresses_address_1_phone,usgovmanual_addresses_address_2_address,usgovmanual_addresses_address_2_email,usgovmanual_addresses_address_2_phone,usgovmanual_addresses_address_3_address,usgovmanual_addresses_address_3_email,usgovmanual_addresses_address_3_fax,usgovmanual_addresses_address_3_phone,usgovmanual_addresses_address_3_webaddress,usgovmanual_addresses_address_address,usgovmanual_addresses_address_email,usgovmanual_addresses_address_fax,usgovmanual_addresses_address_phone,usgovmanual_addresses_address_phone2,usgovmanual_addresses_address_webaddress,usgovmanual_agencyname,usgovmanual_category,usgovmanual_entitytype,usgovmanual_footerdetails_email,usgovmanual_footerdetails_footer,usgovmanual_footerdetails_webaddress,usgovmanual_id,usgovmanual_missionstatement_footer,usgovmanual_missionstatement_paragraph,usgovmanual_name,usgovmanual_organizationchart
/US FEDERAL GOVERNMENT,US FEDERAL GOVERNMENT,,,,,,,,,,,,,,,,,,,,,,,,,,,,,,,,,US FEDERAL GOVERNMENT,
/US FEDERAL GOVERNMENT/[usgovmanual] Congress (70),[usgovmanual] Congress (70),,,,,,,,,,,,,,,,,,ONE HUNDRED AND SEVENTEENTH CONGRESS,,,,,http://www.congress.gov,Congress,Legislative Branch,Parent,,,,70,"* New York ratified the Constitution on July 26, 1788, but did not elect its Senators until July 15 and 16, 1789. North Carolina did not ratify the Constitution until November 21, 1789; Rhode Island ratified it on May 29, 1790.","The Congress of the United States was created by Article I, section 1, of the Constitution, adopted by the Constitutional Convention on September 17, 1787, providing that “All legislative Powers herein granted shall be vested in a Congress of the United States, which shall consist of a Senate and House of Representatives.""",Congress,
/US FEDERAL GOVERNMENT/[usgovmanual] Architect of the Capitol (73),[usgovmanual] Architect of the Capitol (73),,,,,,,,,,,,,,,,,,"U.S. Capitol Building, Washington, DC 20515",,,202-228-1793,,http://www.aoc.gov,Architect of the Capitol,Legislative Branch,Parent,,,,73,,The Architect of the Capitol maintains the U.S. Capitol and the buildings and grounds of the Capitol campus.,Architect of the Capitol,
/US FEDERAL GOVERNMENT/[usgovmanual] Congressional Budget Office (79),[usgovmanual] Congressional Budget Office (79),,,,,,,,,,,,,,,,,,"Second and D Streets SW., Washington, DC 20515",,,202-226-2600,,http://www.cbo.gov,Congressional Budget Office,Legislative Branch,Parent,,The Sources of Information were updated 7–2019.,,79,,The Congressional Budget Office independently analyzes budgetary and economic issues to support the congressional budget process.,Congressional Budget Office,
/US FEDERAL GOVERNMENT/[usgovmanual] Government Accountability Office (75),[usgovmanual] Government Accountability Office (75),,,,,,,,,,,,,,,,,,"441 G Street NW., Washington, DC 20548",,,202-512-3000,,http://www.gao.gov,Government Accountability Office,Legislative Branch,Parent,contact@gao.gov,"For further information, contact the Office of Public Affairs, Government Accountability Office, 441 G Street NW., Washington, DC 20548. Phone, 202-512-4800.",http://www.gao.gov/about/contact.html,75,,The Government Accountability Office helps the Congress fulfill its constitutional responsibilities and heightens the Federal Government's accountability and performance.,Government Accountability Office,
/US FEDERAL GOVERNMENT/[usgovmanual] Government Publishing Office (76),[usgovmanual] Government Publishing Office (76),,,,,,,,,,,,,,,,,,"732 North Capitol Street NW., Washington, DC 20401",,,202-512-1800,,http://www.gpo.gov,Government Publishing Office,Legislative Branch,Parent,,,,76,,"The Government Publishing Office produces, procures, and disseminates printed and electronic publications of the Congress, executive departments, and Federal agencies and establishments",Government Publishing Office,
/US FEDERAL GOVERNMENT/[usgovmanual] Library of Congress (77),[usgovmanual] Library of Congress (77),,,,,,,,,,,,,,,,,,"101 Independence Avenue SE., Washington, DC 20540",,,202-707-5000,,http://www.loc.gov,Library of Congress,Legislative Branch,Parent,pao@loc.gov,"For further information, contact the Public Affairs Office, Library of Congress, 101 Independence Avenue SE., Washington, DC 20540-8610. Phone, 202-707-2905. Fax, 202-707-2905. Fax, 202-707-9199.",http://www.loc.gov,77,,"The Library of Congress is the national library of the United States, offering diverse materials for research, including the world's most extensive collections in areas such as American history, music, and law.",Library of Congress,https://govmanual.gpo.gov/ReadLibraryItem.ashx?SFN=9xYQyKKQzzx3u52vPn+DGg==&SF=PAmu4nDRyaoCugTKvsXyXx/6G6ZqqOY1fk7ZHZboqk4=
/US FEDERAL GOVERNMENT/[usgovmanual] United States Botanic Garden (74),[usgovmanual] United States Botanic Garden (74),"Office of Executive Director, 245 First Street SW., Washington, DC 20024",usbg@aoc.gov,,202-226-8333,http://www.usbg.gov,"Conservatory, 100 Maryland Avenue SW., Washington, DC 20001",,,,"Production Facility, 4700 Shepherd Parkway SW., Washington, DC 20032",,202-226-4780,,,,,,,,,,,,United States Botanic Garden,Legislative Branch,Parent,,The Sources of Information were updated 10–2019.,,74,,"The United States Botanic Garden demonstrates the essential contribution that plants make aesthetically, culturally, ecologically, economically, and therapeutically, to the well-being of humankind, and it supports partnerships, nationally and internationally, by fostering exchanges of information and ideas.",United States Botanic Garden,
/US FEDERAL GOVERNMENT/[usgovmanual] The Supreme Court of the United States (80),[usgovmanual] The Supreme Court of the United States (80),,,,,,,,,,,,,,,,,,"United States Supreme Court Building, One First Street NE., Washington, DC 20543",,,202-479-3000,,http://www.supremecourt.gov,The Supreme Court of the United States,Judicial Branch,Parent,,,,80,,"Article III, section 1, of the Constitution of the United States provides that ""[t]he judicial Power of the United States, shall be vested in one supreme Court, and in such inferior Courts as the Congress may from time to time ordain and establish.""",The Supreme Court of the United States,
/US FEDERAL GOVERNMENT/[usgovmanual] Lower Courts (81),[usgovmanual] Lower Courts (81),,,,,,,,,,,,,,,,,,,,,,,,Lower Courts,Judicial Branch,Parent,,,,81,,,Lower Courts,
/US FEDERAL GOVERNMENT/[usgovmanual] Special Courts (88),[usgovmanual] Special Courts (88),,,,,,,,,,,,,,,,,,,,,,,,Special Courts,Judicial Branch,Parent,,,,88,,,Special Courts,
/US FEDERAL GOVERNMENT/[usgovmanual] Administrative Office of the United States Courts (93),[usgovmanual] Administrative Office of the United States Courts (93),,,,,,,,,,,,,,,,,,"One Columbus Circle NE., Washington, DC 20544",,,202-502-2600,,http://www.uscourts.gov,Administrative Office of the United States Courts,Judicial Branch,Parent,,The Sources of Information were updated 8–2020.,,93,,"The Administrative Office of the United States Courts supports and serves the nonjudicial, administrative business of the United States Courts.",Administrative Office of the United States Courts,
/US FEDERAL GOVERNMENT/[usgovmanual] Federal Judicial Center (94),[usgovmanual] Federal Judicial Center (94),,,,,,,,,,,,,,,,,,"Thurgood Marshall Federal Judiciary Building, One Columbus Circle NE., Washington, DC 20002-8003",,,202-502-4000,,http://www.fjc.gov,Federal Judicial Center,Judicial Branch,Parent,,,,94,,The Federal Judicial Center is the judicial branch's agency for policy research and continuing education.,Federal Judicial Center,
/US FEDERAL GOVERNMENT/[usgovmanual] United States Sentencing Commission (95),[usgovmanual] United States Sentencing Commission (95),,,,,,,,,,,,,,,,,,"Suite 2-500, One Columbus Circle NE., Washington, DC 20002-8002",,,202-502-4500,,http://www.ussc.gov,United States Sentencing Commission,Judicial Branch,Parent,pubaffairs@ussc.gov,"For further information, contact the Office of Legislative and Public Affairs, U.S. Sentencing Commission, Suite 2–500, One Columbus Circle NE., Washington, DC 20002-8002. Phone, 202-502-4500.",http://www.ussc.gov,95,,The United States Sentencing Commission develops sentencing guidelines and policies for the Federal court system.,United States Sentencing Commission,https://govmanual.gpo.gov/ReadLibraryItem.ashx?SFN=UeeDO8j6e0f3YkfXddDmZNvArAB3FnlF&SF=PAmu4nDRyaoCugTKvsXyXx/6G6ZqqOY1fk7ZHZboqk4=
/US FEDERAL GOVERNMENT/[usgovmanual] The President (96),[usgovmanual] The President (96),,,,,,,,,,,,,,,,,,"1600 Pennsylvania Avenue NW., Washington, DC 20500",,,,,,The President,Executive Branch: The President,Parent,,,,96,,,The President,
/US FEDERAL GOVERNMENT/[usgovmanual] The Vice President (97),[usgovmanual] The Vice President (97),,,,,,,,,,,,,,,,,,,,,,,,The Vice President,Executive Branch: The President,Parent,,,,97,,,The Vice President,
/US FEDERAL GOVERNMENT/[usgovmanual] The Executive Office of the President (98),[usgovmanual] The Executive Office of the President (98),,,,,,,,,,,,,,,,,,"The White House, 1600 Pennsylvania Avenue NW., Washington, DC 20500",,,,,http://www.whitehouse.gov,The Executive Office of the President,Executive Branch: The President,Parent,,,,98,,,The Executive Office of the President,
/US FEDERAL GOVERNMENT/[usgovmanual] Department of Agriculture (322),[usgovmanual] Department of Agriculture (322),,,,,,,,,,,,,,,,,,"1400 Independence Avenue SW., Washington, DC 20250",,,202-720-2791,,http://www.usda.gov,Department of Agriculture,Executive Branch: Departments,Parent,,"For further information concerning the Department of Agriculture, contact the Office of Communications, Department of Agriculture, 1400 Independence Avenue SW., Washington, DC 20250. Phone, 202-720-4623.",http://www.usda.gov/wps/portal/usda/usdahome?navid=CONTACT_US,322,,"The Department of Agriculture develops agricultural markets, fights hunger and malnutrition, conserves natural resources, and ensures food quality standards.",Department of Agriculture,
/US FEDERAL GOVERNMENT/[usgovmanual] Department of Commerce (113),[usgovmanual] Department of Commerce (113),,,,,,,,,,,,,,,,,,"Fourteenth Street and Constitution Avenue NW., Washington, DC 20230",,,202-482-2000,,http://www.doc.gov,Department of Commerce,Executive Branch: Departments,Parent,,,,113,,"The Department of Commerce promotes the Nation's domestic and international trade, economic growth, and technological advancement by fostering free enterprise worldwide, supporting fair trade, compiling social and economic statistics, protecting Earth's physical resources, granting patents and registering trademarks, and assisting small and minority-owned businesses.",Department of Commerce,
/US FEDERAL GOVERNMENT/[usgovmanual] Department of Defense (114),[usgovmanual] Department of Defense (114),,,,,,,,,,,,,,,,,,"Office of the Secretary, The Pentagon, Washington, DC 20301-1155",,,703-545-6700,,http://www.defense.gov,Department of Defense,Executive Branch: Departments,Parent,,"For further information concerning the Department of Defense, contact the Director, Directorate for Public Inquiry and Analysis, Office of the Assistant Secretary of Defense for Public Affairs, 1400 Defense Pentagon, Washington, DC 20301-1400. Phone, 703- 697-9312.",http://www.defense.gov/Contact,114,,"The Department of Defense provides the military forces needed to deter war and protect national security. Under the President, the Secretary of Defense directs and exercises authority and control over the separately organized Departments of the Air Force, the Army, and the Navy; over the Joint Chiefs of Staff; over the combatant commands; and over defense agencies and field activities.",Department of Defense,https://govmanual.gpo.gov/ReadLibraryItem.ashx?SFN=MFGokbhL0zHYvSS27Jckr4hUJH1AH3dF&SF=PAmu4nDRyaoCugTKvsXyXx/6G6ZqqOY1fk7ZHZboqk4=
/US FEDERAL GOVERNMENT/[usgovmanual] Department of Education (115),[usgovmanual] Department of Education (115),,,,,,,,,,,,,,,,,,"400 Maryland Avenue SW., Washington, DC 20202",,,202-401-2000,"TTY, 800-437-0833",http://www.ed.gov,Department of Education,Executive Branch: Departments,Parent,,"For further information, contact the Information Resources Center, Department of Education, Room 5E248 (FB–6), 400 Maryland Avenue SW., Washington, DC 20202. Phone, 800-872-5327.",http://www2.ed.gov/about/contacts/gen/index.html,115,,"The Department of Education ensures equal access to education; promotes educational excellence; and administers, coordinates, and makes policy for most Federal assistance to education with the aim of raising levels of student achievement and readiness for the global future.",Department of Education,https://govmanual.gpo.gov/ReadLibraryItem.ashx?SFN=UeeDO8j6e0c+Ai1j6CkL9YQ/sx+HS5Kw&SF=PAmu4nDRyaoCugTKvsXyXx/6G6ZqqOY1fk7ZHZboqk4=
/US FEDERAL GOVERNMENT/[usgovmanual] Department of Energy (116),[usgovmanual] Department of Energy (116),,,,,,,,,,,,,,,,,,"1000 Independence Avenue SW., Washington, DC 20585",,,202-586-5000,,http://www.energy.gov,Department of Energy,Executive Branch: Departments,Parent,,,,116,,"The Department of Energy addresses the Nation's energy, environmental, and nuclear challenges, using transformative science and technology to ensure national security and prosperity.",Department of Energy,
/US FEDERAL GOVERNMENT/[usgovmanual] Department of Health and Human Services (117),[usgovmanual] Department of Health and Human Services (117),,,,,,,,,,,,,,,,,,"200 Independence Avenue SW., Washington, DC 20201",,,202-690-6343,,http://www.hhs.gov,Department of Health and Human Services,Executive Branch: Departments,Parent,,,,117,,"The Department of Health and Human Services strengthens the public health and welfare of the American people by making affordable and quality health care and childcare accessible, ensuring the safety of food products, preparing for public health emergencies, and advancing the diagnosis, treatment, and curing of life-threatening illnesses.",Department of Health and Human Services,
/US FEDERAL GOVERNMENT/[usgovmanual] Department of Homeland Security (118),[usgovmanual] Department of Homeland Security (118),,,,,,,,,,,,,,,,,,"Washington, DC 20528",,,202-282-8000,,http://www.dhs.gov,Department of Homeland Security,Executive Branch: Departments,Parent,,The Sources of Information were updated 1–2020.,,118,,"The Department of Homeland Security prevents terrorism and enhances security, manages the Nation’s borders, administers immigration laws, safeguards cyberspace, and ensures resilience in the wake of disaster.",Department of Homeland Security,
/US FEDERAL GOVERNMENT/[usgovmanual] Department of Housing and Urban Development (119),[usgovmanual] Department of Housing and Urban Development (119),,,,,,,,,,,,,,,,,,"451 Seventh Street SW., Washington, DC 20410",,,202-708-1422,,http://www.hud.gov,Department of Housing and Urban Development,Executive Branch: Departments,Parent,,,,119,,"The Department of Housing and Urban Development oversees housing needs nationwide, ensures fair housing opportunities, and creates strong, sustainable, and inclusive communities.",Department of Housing and Urban Development,
/US FEDERAL GOVERNMENT/[usgovmanual] Department of Justice (121),[usgovmanual] Department of Justice (121),,,,,,,,,,,,,,,,,,"950 Pennsylvania Avenue NW., Washington, DC 20530",,,202-514-2000,,http://www.justice.gov,Department of Justice,Executive Branch: Departments,Parent,,,,121,,The Department of Justice enforces the law and defends national interests according to the law; ensures public safety against domestic and foreign threats; provides Federal leadership in preventing and controlling crime; seeks just punishment for those who have behaved unlawfully; and ensures fair and impartial administration of justice for all American citizens.,Department of Justice,
/US FEDERAL GOVERNMENT/[usgovmanual] Department of Labor (323),[usgovmanual] Department of Labor (323),,,,,,,,,,,,,,,,,,"200 Constitution Avenue NW., Washington, DC 20210",,,202-693-6000,,http://www.dol.gov,Department of Labor,Executive Branch: Departments,Parent,,The Sources of Information were updated 9–2020.,,323,,"The Department of Labor promotes the welfare of job seekers, wage earners, and retirees by improving working conditions, advancing opportunities for profitable employment, protecting retirement and health care benefits, matching workers to employers, strengthening free collective bargaining, and tracking changes in economic indicators on a national scale.",Department of Labor,
/US FEDERAL GOVERNMENT/[usgovmanual] Department of State (123),[usgovmanual] Department of State (123),,,,,,,,,,,,,,,,,,"2201 C Street NW., Washington, DC 20520",,,202-647-4000,,http://www.state.gov,Department of State,Executive Branch: Departments,Parent,,The Sources of Information were updated 6–2020.,,123,,"The Department of State advises the President on issues of foreign policy; supports democracy, freedom, and prosperity for all people; and fosters conditions that favor stability and progress worldwide.",Department of State,
/US FEDERAL GOVERNMENT/[usgovmanual] Department of Transportation (124),[usgovmanual] Department of Transportation (124),,,,,,,,,,,,,,,,,,"1200 New Jersey Avenue SE., Washington, DC 20590",,,202-366-4000,,http://www.dot.gov,Department of Transportation,Executive Branch: Departments,Parent,,,,124,,"The Department of Transportation establishes national transportation policy for highway planning and construction, motor carrier safety, urban mass transit, railroads, aviation, and the safety of waterways, ports, highways, and pipelines.",Department of Transportation,
/US FEDERAL GOVERNMENT/[usgovmanual] Department of Veterans Affairs (126),[usgovmanual] Department of Veterans Affairs (126),,,,,,,,,,,,,,,,,,"810 Vermont Avenue NW., Washington, DC 20420",,,202-461-4800,,http://www.va.gov,Department of Veterans Affairs,Executive Branch: Departments,Parent,,"For further information, contact the Office of Public and Intergovernmental Affairs, Department of Veterans Affairs, 810 Vermont Avenue NW., Washington, DC 20420. Phone, 202-273-6000.",http://www.va.gov/opa,126,,"The Department of Veterans Affairs operates programs benefiting Veterans and members of their families: It offers education opportunities and rehabilitation services and provides compensation payments for disabilities or death related to military service, home loan guaranties, pensions, burials, and health care that includes the services in clinics, medical centers, community living centers (which replace nursing home)s, and home- and community-based settings.",Department of Veterans Affairs,
/US FEDERAL GOVERNMENT/[usgovmanual] Department of the Interior (120),[usgovmanual] Department of the Interior (120),,,,,,,,,,,,,,,,,,"1849 C Street NW., Washington, DC 20240",,,202-208-3100,,http://www.doi.gov,Department of the Interior,Executive Branch: Departments,Parent,,,,120,,"The Department of the Interior protects America's heritage and natural resources, honors its cultures and tribal communities, and supplies energy for powering its future.",Department of the Interior,
/US FEDERAL GOVERNMENT/[usgovmanual] Department of the Treasury (125),[usgovmanual] Department of the Treasury (125),,,,,,,,,,,,,,,,,,"1500 Pennsylvania Avenue NW., Washington, DC 20220",,,202-622-2000,,http://www.treasury.gov,Department of the Treasury,Executive Branch: Departments,Parent,,,,125,,"The Department of the Treasury enforces financial laws, manufactures coins and currency, and recommends economic, fiscal, and tax policies.",Department of the Treasury,
/US FEDERAL GOVERNMENT/[usgovmanual] Administrative Conference of the United States (127),[usgovmanual] Administrative Conference of the United States (127),,,,,,,,,,,,,,,,,,"1120 Twentieth Street NW., Suite 706 South, Washington, DC 20036",info@acus.gov,202-386-7190,202-480-2080,,http://www.acus.gov,Administrative Conference of the United States,Executive Branch: Independent Agencies and Government Corporations,Parent,,The Sources of Information were updated 12–2019.,,127,,"The Administrative Conference of the United States develops recommendations for improving the fairness and effectiveness of procedures by which Federal agencies administer regulatory, benefit, and other Government programs.",Administrative Conference of the United States,
/US FEDERAL GOVERNMENT/[usgovmanual] Central Intelligence Agency (130),[usgovmanual] Central Intelligence Agency (130),,,,,,,,,,,,,,,,,,"Washington, DC 20505",,,703-482-0623,,http://www.cia.gov,Central Intelligence Agency,Executive Branch: Independent Agencies and Government Corporations,Parent,,,,130,,"The Central Intelligence Agency collects, evaluates, and disseminates vital information on economic, military, political, scientific, and other developments abroad to safeguard national security.",Central Intelligence Agency,
/US FEDERAL GOVERNMENT/[usgovmanual] Commodity Futures Trading Commission (131),[usgovmanual] Commodity Futures Trading Commission (131),,,,,,,,,,,,,,,,,,"1155 Twenty-first Street NW, Washington, DC 20581",,202-418-5521,202-418-5000,202-418-5514 (TTY),http://www.cftc.gov/index.htm,Commodity Futures Trading Commission,Executive Branch: Independent Agencies and Government Corporations,Parent,,The Sources of Information were updated 8–2019.,,131,,"The Commodity Futures Trading Commission avoids systemic risk; fosters open, transparent, competitive, and financially sound markets; and protects the market users and their funds, consumers, and the public from fraud, manipulation, and abusive practices related to derivatives and other products that are subject to the Commodity Exchange Act.",Commodity Futures Trading Commission,
/US FEDERAL GOVERNMENT/[usgovmanual] Consumer Product Safety Commission (132),[usgovmanual] Consumer Product Safety Commission (132),,,,,,,,,,,,,,,,,,"4330 East-West Highway, Bethesda, MD 20814",,,301-504-7923,,http://www.cpsc.gov,Consumer Product Safety Commission,Executive Branch: Independent Agencies and Government Corporations,Parent,,The Sources of Information were updated 10–2019.,,132,,The Consumer Product Safety Commission protects the public by reducing the risk of injury and death from consumer products.,Consumer Product Safety Commission,
/US FEDERAL GOVERNMENT/[usgovmanual] Consumer Financial Protection Bureau (321),[usgovmanual] Consumer Financial Protection Bureau (321),,,,,,,,,,,,,,,,,,"1700 G Street NW., Washington, DC 20552",,,202-435-7000,,http://www.consumerfinance.gov,Consumer Financial Protection Bureau,Executive Branch: Independent Agencies and Government Corporations,Parent,info@consumerfinance.gov,"For further information, contact the Consumer Financial Protection Bureau, 1700 G Street NW., Washington, DC 20552. Phone, 202-435-7000.",http://www.consumerfinance.gov/contact-us,321,,"The Consumer Financial Protection Bureau (CFPB) helps consumer finance markets work by making rules more effective, by consistently and fairly enforcing those rules, and by empowering consumers to take more control over their economic lives.",Consumer Financial Protection Bureau,
/US FEDERAL GOVERNMENT/[usgovmanual] Corporation for National and Community Service (133),[usgovmanual] Corporation for National and Community Service (133),,,,,,,,,,,,,,,,,,"250 E Street NW., Washington, DC 20525",,,202-606-5000,,http://www.nationalservice.gov,Corporation for National and Community Service,Executive Branch: Independent Agencies and Government Corporations,Parent,,"For further information, contact the Corporation for National and Community Service, 250 E Street NW., Washington, DC 20525. Phone, 202-606-5000.",http://www.nationalservice.gov/about/contact-us,133,,"The Corporation for National and Community Service improves lives, strengthens communities, and fosters civic engagement through service and volunteering.",Corporation for National and Community Service,https://govmanual.gpo.gov/ReadLibraryItem.ashx?SFN=y077IoFAxQNZbTBZKJuluQ==&SF=PAmu4nDRyaoCugTKvsXyXx/6G6ZqqOY1fk7ZHZboqk4=
/US FEDERAL GOVERNMENT/[usgovmanual] Environmental Protection Agency (135),[usgovmanual] Environmental Protection Agency (135),,,,,,,,,,,,,,,,,,"1200 Pennsylvania Avenue NW., Washington, DC 20460",,,202-272-0167,,http://www.epa.gov,Environmental Protection Agency,Executive Branch: Independent Agencies and Government Corporations,Parent,,The Sources of Information were updated 7–2021.,,135,,The Environmental Protection Agency protects human health and safeguards the environment.,Environmental Protection Agency,
/US FEDERAL GOVERNMENT/[usgovmanual] Defense Nuclear Facilities Safety Board (134),[usgovmanual] Defense Nuclear Facilities Safety Board (134),,,,,,,,,,,,,,,,,,"625 Indiana Avenue NW., Suite 700, Washington, DC 20004",,202-208-6518,202-694-7000,,http://www.dnfsb.gov,Defense Nuclear Facilities Safety Board,Executive Branch: Independent Agencies and Government Corporations,Parent,,"For further information, contact the Defense Nuclear Facilities Safety Board, 625 Indiana Avenue NW., Suite 700, Washington, DC 20004. Phone, 202-694-7000.",http://www.dnfsb.gov/website-tools/contact,134,,"The Defense Nuclear Facilities Safety Board identifies the nature and consequences of public health and safety threats at the Department of Energy's defense nuclear facilities, elevates awareness of and information on such threats to the highest levels of governmental authority, and keeps the public informed.",Defense Nuclear Facilities Safety Board,https://govmanual.gpo.gov/ReadLibraryItem.ashx?SFN=At4EOm/9ZOe90DnlyDX00rObAXOcoiXa&SF=PAmu4nDRyaoCugTKvsXyXx/6G6ZqqOY1fk7ZHZboqk4=
/US FEDERAL GOVERNMENT/[usgovmanual] Equal Employment Opportunity Commission (136),[usgovmanual] Equal Employment Opportunity Commission (136),,,,,,,,,,,,,,,,,,"131 M Street NE., Washington, DC 20507",,,202-663-4900,"TTY, 202-663-4444",http://www.eeoc.gov,Equal Employment Opportunity Commission,Executive Branch: Independent Agencies and Government Corporations,Parent,,The Sources of Information were updated 12–2020.,,136,,"The Equal Employment Opportunity Commission enforces laws that prohibit employment discrimination based on age, color, disability, gender, genetic information, national origin, race, or religion.",Equal Employment Opportunity Commission,
/US FEDERAL GOVERNMENT/[usgovmanual] Export-Import Bank of the United States (137),[usgovmanual] Export-Import Bank of the United States (137),,,,,,,,,,,,,,,,,,"811 Vermont Avenue NW., Washington, DC 20571",,,202-565-3946,800-565-3946,http://www.exim.gov,Export-Import Bank of the United States,Executive Branch: Independent Agencies and Government Corporations,Parent,,"For further information, contact the Business Development Office, Export-Import Bank, 811 Vermont Avenue NW., Washington, DC 20571. Phone, 202-565-3946 or 800-565-3946.",http://www.exim.gov/contact/headquarters,137,,The Export-Import Bank helps finance the export of U.S. goods and services to international markets.,Export-Import Bank of the United States,
/US FEDERAL GOVERNMENT/[usgovmanual] Farm Credit Administration (138),[usgovmanual] Farm Credit Administration (138),,,,,,,,,,,,,,,,,,"1501 Farm Credit Drive, McLean, VA 22102-5090",,703-790-3260,703-883-4000,,http://www.fca.gov,Farm Credit Administration,Executive Branch: Independent Agencies and Government Corporations,Parent,info-line@fca.gov,"For further information, contact the Office of Congressional and Public Affairs, Farm Credit Administration, 1501 Farm Credit Drive, McLean, VA 22102-5090. Phone, 703-883-4056.",http://www.fca.gov/home/contact.html,138,,"The Farm Credit Administration ensures the safe and sound operation of the banks, associations, affiliated service organizations, and other entities of the Farm Credit System, and protects the interests of the public and those who borrow from Farm Credit institutions or invest in Farm Credit securities.",Farm Credit Administration,
/US FEDERAL GOVERNMENT/[usgovmanual] Federal Communications Commission (139),[usgovmanual] Federal Communications Commission (139),,,,,,,,,,,,,,,,,,"445 Twelfth Street SW., Washington, DC 20554",,,888-225-5322,"TTY, 888-835-5322",http://www.fcc.gov,Federal Communications Commission,Executive Branch: Independent Agencies and Government Corporations,Parent,,"For further information, contact the Consumer Center, Federal Communications Commission, 445 Twelfth Street SW., Washington, DC 20554. Phone, 888-225-5322. TTY, 888-835-5322.",https://www.fcc.gov/about/contact,139,,"The Federal Communications Commission regulates interstate and foreign communications by radio, television, wire, satellite, and cable.",Federal Communications Commission,
/US FEDERAL GOVERNMENT/[usgovmanual] Federal Deposit Insurance Corporation (140),[usgovmanual] Federal Deposit Insurance Corporation (140),,,,,,,,,,,,,,,,,,"550 Seventeenth Street NW., Washington, DC 20429",,,703-562-2222,,http://www.fdic.gov,Federal Deposit Insurance Corporation,Executive Branch: Independent Agencies and Government Corporations,Parent,communications@fdic.gov,"For further information and media inquiries, contact the Office of Communications, Federal Deposit Insurance Corporation, 550 Seventeenth Street NW., Washington, DC 20429. Phone, 202-898-6993.",https://www.fdic.gov/about/contact/ask,140,,"The Federal Deposit Insurance Corporation preserves and promotes public confidence in U.S. financial institutions by insuring bank and thrift deposits, examining State-chartered banks, and liquidating assets of failed institutions.",Federal Deposit Insurance Corporation,
/US FEDERAL GOVERNMENT/[usgovmanual] Federal Election Commission (141),[usgovmanual] Federal Election Commission (141),,,,,,,,,,,,,,,,,,"999 E Street NW., Washington, DC 20463",,,202-694-1100,800-424-9530,http://www.fec.gov,Federal Election Commission,Executive Branch: Independent Agencies and Government Corporations,Parent,,"For further information, contact the Information Division, Federal Election Commission, 999 E Street NW., Washington, DC 20463. Phone, 202-694-1100 or 800-424-9530 (option 6).",http://www.fec.gov/pages/contact.shtml,141,,The Federal Election Commission provides public disclosure of campaign finance activities and ensures compliance with campaign finance laws and regulations.,Federal Election Commission,https://govmanual.gpo.gov/ReadLibraryItem.ashx?SFN=JADaez/w7l7ulLcekP4Z7Q==&SF=PAmu4nDRyaoCugTKvsXyXx/6G6ZqqOY1fk7ZHZboqk4=
/US FEDERAL GOVERNMENT/[usgovmanual] Federal Labor Relations Authority (143),[usgovmanual] Federal Labor Relations Authority (143),,,,,,,,,,,,,,,,,,"1400 K Street NW., Washington, DC 20005",,,202-218-7770,,http://www.flra.gov,Federal Labor Relations Authority,Executive Branch: Independent Agencies and Government Corporations,Parent,,The above Sources of Information were updated 7–2021.,,143,,The Federal Labor Relations Authority oversees labor-management relations between the Federal Government and its employees.,Federal Labor Relations Authority,
/US FEDERAL GOVERNMENT/[usgovmanual] Federal Housing Finance Agency (142),[usgovmanual] Federal Housing Finance Agency (142),,,,,,,,,,,,,,,,,,"400 7th Street SW., Washington, DC 20219",,,202-649-3800,,http://www.fhfa.gov,Federal Housing Finance Agency,Executive Branch: Independent Agencies and Government Corporations,Parent,fhfainfo@fhfa.gov,"For further information, contact the Office of Congressional Affairs and Communications, Federal Housing Finance Agency, 400 7th Street SW., Washington, DC 20219. Phone, 202-649-3802.",https://www.fhfa.gov/AboutUs/Contact,142,,The Federal Housing and Finance Agency ensures that the housing Government-Sponsored Enterprises operate safely and soundly and serve as a reliable source of liquidity and funding for housing finance and community investment.,Federal Housing Finance Agency,https://govmanual.gpo.gov/ReadLibraryItem.ashx?SFN=e2PEWcM8fPYnsiTAhaXdag==&SF=PAmu4nDRyaoCugTKvsXyXx/6G6ZqqOY1fk7ZHZboqk4=
/US FEDERAL GOVERNMENT/[usgovmanual] Federal Maritime Commission (144),[usgovmanual] Federal Maritime Commission (144),,,,,,,,,,,,,,,,,,"800 North Capitol Street NW., Washington, DC 20573",,,202-523-5707,,http://www.fmc.gov,Federal Maritime Commission,Executive Branch: Independent Agencies and Government Corporations,Parent,,The Sources of Information were updated 6–2019.,,144,,"The Federal Maritime Commission promotes an efficient, fair, and reliable supply system of international ocean transportation; protects the public from deceptive, unfair, and unlawful practices; and contributes to the integrity and security of the Nation's supply chain and transportation system.",Federal Maritime Commission,
/US FEDERAL GOVERNMENT/[usgovmanual] Federal Mine Safety and Health Review Commission (146),[usgovmanual] Federal Mine Safety and Health Review Commission (146),,,,,,,,,,,,,,,,,,"1331 Pennsylvania Avenue NW., Suite 520N, Washington, DC 20004-1710",fmshrc@fmshrc.gov,,202-434-9900,"TTY/TDD, 202-434-4000, ext. 293",http://www.fmshrc.gov,Federal Mine Safety and Health Review Commission,Executive Branch: Independent Agencies and Government Corporations,Parent,,The Sources of Information were updated 4–2019.,,146,,"The Federal Mine Safety and Health Review Commission ensures compliance with occupational safety and health standards in the Nation's surface and underground coal, metal, and nonmetal mines.",Federal Mine Safety and Health Review Commission,
/US FEDERAL GOVERNMENT/[usgovmanual] Federal Mediation and Conciliation Service (145),[usgovmanual] Federal Mediation and Conciliation Service (145),,,,,,,,,,,,,,,,,,"250 E Street SW., Washington, DC 20427",,,202-606-8100,,http://www.fmcs.gov,Federal Mediation and Conciliation Service,Executive Branch: Independent Agencies and Government Corporations,Parent,,The Sources of Information were updated 8–2019.,,145,,"The Federal Mediation and Conciliation Service helps labor and management resolve disputes in industries affecting commerce, offers training in cooperative processes to promote workplace stability and economic growth, and provides alternative dispute resolution services, training, negotiated rulemaking, and public policy facilitation to government entities.",Federal Mediation and Conciliation Service,
/US FEDERAL GOVERNMENT/[usgovmanual] Federal Reserve System (147),[usgovmanual] Federal Reserve System (147),,,,,,,,,,,,,,,,,,"Twentieth Street and Constitution Avenue NW., Washington, DC 20551",,,202-452-3000,,http://www.federalreserve.gov,Federal Reserve System,Executive Branch: Independent Agencies and Government Corporations,Parent,,,,147,,"The Federal Reserve System keeps the Nation's monetary and financial system flexible, safe, and stable.",Federal Reserve System,
/US FEDERAL GOVERNMENT/[usgovmanual] Federal Retirement Thrift Investment Board (148),[usgovmanual] Federal Retirement Thrift Investment Board (148),,,,,,,,,,,,,,,,,,"77 K Street NE., Washington, DC 20002",,202-942-1676,202-942-1600,,http://www.frtib.gov,Federal Retirement Thrift Investment Board,Executive Branch: Independent Agencies and Government Corporations,Parent,,,,148,,The Federal Retirement Thrift Investment Board administers the Thrift Savings Plan in the interest of its participants and beneficiaries.,Federal Retirement Thrift Investment Board,
/US FEDERAL GOVERNMENT/[usgovmanual] Federal Trade Commission (149),[usgovmanual] Federal Trade Commission (149),,,,,,,,,,,,,,,,,,"600 Pennsylvania Avenue NW., Washington, DC 20580",,,202-326-2222,,http://www.ftc.gov,Federal Trade Commission,Executive Branch: Independent Agencies and Government Corporations,Parent,,,,149,,"The Federal Trade Commission protects America's consumers and enforces laws prohibiting anticompetitive, deceptive, or unfair business practices.",Federal Trade Commission,
/US FEDERAL GOVERNMENT/[usgovmanual] General Services Administration (150),[usgovmanual] General Services Administration (150),,,,,,,,,,,,,,,,,,"1800 F Street NW., Washington, DC 20405",,,,,http://www.gsa.gov,General Services Administration,Executive Branch: Independent Agencies and Government Corporations,Parent,,The Sources of Information were updated 7–2020.,,150,,"The General Services Administration delivers value and savings in real estate, acquisition, technology, and other mission-support services across Government.",General Services Administration,
/US FEDERAL GOVERNMENT/[usgovmanual] Inter-American Foundation (151),[usgovmanual] Inter-American Foundation (151),,,,,,,,,,,,,,,,,,"1331 Pennsylvania Avenue, NW., Suite 1200 North, Washington, DC 20004",,,202-360-4530,,http://www.iaf.gov,Inter-American Foundation,Executive Branch: Independent Agencies and Government Corporations,Parent,inquiries@iaf.gov,"For further information, contact the Office of the President, Inter-American Foundation, 1331 Pennsylvania Avenue, NW., Suite 1200 North, Washington, DC 20004. Phone, 202-360-4530.",http://www.iaf.gov/about-the-iaf/contact-us,151,,The Inter-American Foundation supports social and economic development in Latin America and the Caribbean.,Inter-American Foundation,
/US FEDERAL GOVERNMENT/[usgovmanual] National Aeronautics and Space Administration (153),[usgovmanual] National Aeronautics and Space Administration (153),,,,,,,,,,,,,,,,,,"300 E Street SW., Washington, DC 20546",,,202-358-0000,,http://www.nasa.gov,National Aeronautics and Space Administration,Executive Branch: Independent Agencies and Government Corporations,Parent,,,,153,,"The National Aeronautics and Space Administration advances aeronautic research, explores space, and makes scientific discoveries for the benefit of humankind.",National Aeronautics and Space Administration,
/US FEDERAL GOVERNMENT/[usgovmanual] Merit Systems Protection Board (152),[usgovmanual] Merit Systems Protection Board (152),,,,,,,,,,,,,,,,,,"1615 M Street NW., Fifth Floor, Washington, DC 20419",,202-653-7130,202-653-7200,800-209-8960,http://www.mspb.gov,Merit Systems Protection Board,Executive Branch: Independent Agencies and Government Corporations,Parent,mspb@mspb.gov,"For further information, contact the Merit Systems Protection Board, 1615 M Street NW., Washington, DC 20419. Phone, 202-653-7200 or 800-209-8960. TDD, 800-877-8339. Fax, 202-653-7130.",http://www.mspb.gov/contact/contact.htm,152,,The Merit Systems Protection Board protects the integrity of the Federal personnel merit systems and the rights of Federal employees.,Merit Systems Protection Board,https://govmanual.gpo.gov/ReadLibraryItem.ashx?SFN=UeeDO8j6e0cCYyxW8XdgBi4sgZTtyjaa&SF=PAmu4nDRyaoCugTKvsXyXx/6G6ZqqOY1fk7ZHZboqk4=
/US FEDERAL GOVERNMENT/[usgovmanual] National Archives and Records Administration (154),[usgovmanual] National Archives and Records Administration (154),,,,,,,,,,,,,,,,,,"700 Pennsylvania Avenue NW., Washington, DC, 20408-0001",,,866-272-6272,,http://www.archives.gov,National Archives and Records Administration,Executive Branch: Independent Agencies and Government Corporations,Parent,,,,154,,"The National Archives and Records Administration safeguards and preserves the records of the U.S. Government and provides public access to them, ensuring that the American people can discover, learn from, and use their documentary heritage to support democracy.",National Archives and Records Administration,
/US FEDERAL GOVERNMENT/[usgovmanual] National Capital Planning Commission (155),[usgovmanual] National Capital Planning Commission (155),,,,,,,,,,,,,,,,,,"401 Ninth Street NW., Suite 500, Washington, DC 20004",,,202-482-7200,,http://www.ncpc.gov,National Capital Planning Commission,Executive Branch: Independent Agencies and Government Corporations,Parent,info@ncpc.gov,"For further information, contact the National Capital Planning Commission, 401 Ninth Street NW., Suite 500, Washington, DC 20004. Phone, 202-482-7200. Fax, 202-482-7272.",https://www.ncpc.gov/ncpc/Main(T2)/About_Us(tr2)/About_Us(tr3)/Contactus.html,155,,"The National Capital Planning Commission conducts planning and development activities for Federal lands and facilities in the National Capital Region—the District of Columbia, the City of Alexandria, and all land areas within the boundaries of Montgomery, Prince George's, Fairfax, Loudoun, Prince William, and Arlington Counties.",National Capital Planning Commission,https://govmanual.gpo.gov/ReadLibraryItem.ashx?SFN=UeeDO8j6e0dtFMMfYbeF6agwRUpUi/tr&SF=PAmu4nDRyaoCugTKvsXyXx/6G6ZqqOY1fk7ZHZboqk4=
/US FEDERAL GOVERNMENT/[usgovmanual] National Credit Union Administration (156),[usgovmanual] National Credit Union Administration (156),,,,,,,,,,,,,,,,,,"1775 Duke Street, Alexandria, VA 22314",,,703-518-6300,,http://www.ncua.gov,National Credit Union Administration,Executive Branch: Independent Agencies and Government Corporations,Parent,,,,156,,The National Credit Union Administration provides a trustworthy credit union system that builds confidence in the Nation's system of cooperative credit.,National Credit Union Administration,
/US FEDERAL GOVERNMENT/[usgovmanual] National Foundation on the Arts and the Humanities (157),[usgovmanual] National Foundation on the Arts and the Humanities (157),,,,,,,,,,,,,,,,,,,,,,,,National Foundation on the Arts and the Humanities,Executive Branch: Independent Agencies and Government Corporations,Parent,,,,157,,,National Foundation on the Arts and the Humanities,
/US FEDERAL GOVERNMENT/[usgovmanual] National Labor Relations Board (158),[usgovmanual] National Labor Relations Board (158),,,,,,,,,,,,,,,,,,"1015 Half Street SE., Washington, DC 20570",,,202-273-1000,"TDD, 202-273-4300",http://www.nlrb.gov,National Labor Relations Board,Executive Branch: Independent Agencies and Government Corporations,Parent,,,,158,,The National Labor Relations Board remedies unfair labor practices and safeguards employees' rights to organize and to determine whether to have unions as their bargaining representative.,National Labor Relations Board,
/US FEDERAL GOVERNMENT/[usgovmanual] National Railroad Passenger Corporation (AMTRAK) (160),[usgovmanual] National Railroad Passenger Corporation (AMTRAK) (160),,,,,,,,,,,,,,,,,,"1 Massachusetts Avenue NW., Washington, DC 20001",,,202-906-3000,,http://www.amtrak.com,National Railroad Passenger Corporation (AMTRAK),Executive Branch: Independent Agencies and Government Corporations,Parent,,"For further information, contact the Government Affairs Department, Amtrak, 1 Massachusetts Avenue NW., Washington, DC 20001. Phone, 202-906-3918.",http://www.amtrak.com,160,,The National Railroad Passenger Corporation provides intercity rail passenger service in the United States.,National Railroad Passenger Corporation (AMTRAK),
/US FEDERAL GOVERNMENT/[usgovmanual] National Mediation Board (159),[usgovmanual] National Mediation Board (159),,,,,,,,,,,,,,,,,,"1301 K Street NW., Suite 250 East, Washington, DC 20005",,,202-692-5000,,http://www.nmb.gov,National Mediation Board,Executive Branch: Independent Agencies and Government Corporations,Parent,,"For further information, contact the Public Information Officer, National Mediation Board, Suite 250 East, 1301 K Street NW., Washington, DC 20005-7011. Phone, 202-692-5050.",http://www.nmb.gov/press-and-contacts/key-contacts,159,,The National Mediation Board facilitates labor-management relations within the railroad and airline industries.,National Mediation Board,https://govmanual.gpo.gov/ReadLibraryItem.ashx?SFN=VfUPe7zJomch1pvVoPQPSQ==&SF=PAmu4nDRyaoCugTKvsXyXx/6G6ZqqOY1fk7ZHZboqk4=
/US FEDERAL GOVERNMENT/[usgovmanual] National Science Foundation (161),[usgovmanual] National Science Foundation (161),,,,,,,,,,,,,,,,,,"4201 Wilson Boulevard, Arlington, VA 22230",info@nsf.gov,,703-292-5111,"TDD, 800-281-8749",http://www.nsf.gov,National Science Foundation,Executive Branch: Independent Agencies and Government Corporations,Parent,,The Sources of Information were updated 11–2019.,,161,,The National Science Foundation supports research and education to advance science and engineering.,National Science Foundation,
/US FEDERAL GOVERNMENT/[usgovmanual] National Transportation Safety Board (162),[usgovmanual] National Transportation Safety Board (162),,,,,,,,,,,,,,,,,,"490 L'Enfant Plaza SW., Washington, DC 20594",,,202-314-6000,,http://www.ntsb.gov,National Transportation Safety Board,Executive Branch: Independent Agencies and Government Corporations,Parent,,,,162,,"The National Transportation Safety Board investigates accidents, conducts studies, and makes recommendations on safety to Government agencies, the transportation industry, and others.",National Transportation Safety Board,
/US FEDERAL GOVERNMENT/[usgovmanual] Nuclear Regulatory Commission (163),[usgovmanual] Nuclear Regulatory Commission (163),,,,,,,,,,,,,,,,,,"Washington, DC 20555",opa.resource@nrc.gov,,301-415-7000,,http://www.nrc.gov,Nuclear Regulatory Commission,Executive Branch: Independent Agencies and Government Corporations,Parent,opa.resource@nrc.gov,"For further information, contact the Office of Public Affairs, Nuclear Regulatory Commission, Washington, DC 20555-0001. Phone, 301-415-8200.",http://www.nrc.gov/about-nrc/contactus.html,163,,The Nuclear Regulatory Commission licenses and regulates civilian use of nuclear energy to protect public health and safety and the environment.,Nuclear Regulatory Commission,https://govmanual.gpo.gov/ReadLibraryItem.ashx?SFN=UeeDO8j6e0foAIJwOjaco0y0X05aA+N5&SF=PAmu4nDRyaoCugTKvsXyXx/6G6ZqqOY1fk7ZHZboqk4=
/US FEDERAL GOVERNMENT/[usgovmanual] Occupational Safety and Health Review Commission (164),[usgovmanual] Occupational Safety and Health Review Commission (164),,,,,,,,,,,,,,,,,,"1120 Twentieth Street NW., Washington, DC 20036-3457",,202-418-3017,202-606-5100,,http://www.oshrc.gov,Occupational Safety and Health Review Commission,Executive Branch: Independent Agencies and Government Corporations,Parent,,"For further information, contact the Office of the Executive Director, Occupational Safety and Health Review Commission, 1120 Twentieth Street NW., Washington, DC 20036-3457. Phone, 202-606-5100. Fax, 202-418-3017.",http://www.oshrc.gov/about/phone-numbers.html,164,,The Occupational Safety and Health Review Commission ensures the timely and fair resolution of cases involving the alleged exposure of American workers to unsafe or unhealthy working conditions.,Occupational Safety and Health Review Commission,
/US FEDERAL GOVERNMENT/[usgovmanual] Office of Government Ethics (166),[usgovmanual] Office of Government Ethics (166),,,,,,,,,,,,,,,,,,"1201 New York Avenue NW., Suite 500, Washington, DC 20005-3917",,202-482-9237,202-482-9300,(TTY) 800-877-8339,http://www.oge.gov,Office of Government Ethics,Executive Branch: Independent Agencies and Government Corporations,Parent,contactoge@oge.gov,"For further information, contact the Office of Government Ethics, Suite 500, 1201 New York Avenue NW., Washington, DC 20005-3917. Phone, 202-482-9300. TTY, 800-877-8339. Fax, 202-482-9237.",https://www.oge.gov/web/oge.nsf/Organization/Contact%20Us?,166,,The Office of Government Ethics leads and oversees the executive branch program for preventing and resolving conflicts of interest.,Office of Government Ethics,
/US FEDERAL GOVERNMENT/[usgovmanual] Office of Personnel Management (167),[usgovmanual] Office of Personnel Management (167),,,,,,,,,,,,,,,,,,"1900 E Street NW., Washington, DC 20415-0001",,,202-606-1800,"TTY, 202-606-2532",http://www.opm.gov,Office of Personnel Management,Executive Branch: Independent Agencies and Government Corporations,Parent,,The above Sources of Information were updated 8–2021.,,167,,"The Office of Personnel Management administers a merit system to ensure compliance with personnel laws and regulations and assists agencies with recruiting, examining, and promoting on the basis of skills and knowledge irrespective of race, religion, sex, political influence, or other factors not based on merit.",Office of Personnel Management,
/US FEDERAL GOVERNMENT/[usgovmanual] Office of the Director of National Intelligence (165),[usgovmanual] Office of the Director of National Intelligence (165),,,,,,,,,,,,,,,,,,"Washington, DC 20511",,,703-733-8600,,http://www.dni.gov,Office of the Director of National Intelligence,Executive Branch: Independent Agencies and Government Corporations,Parent,,,,165,,The Office of the Director of National Intelligence oversees and coordinates the foreign and domestic activities of the Intelligence Community across the Federal Government.,Office of the Director of National Intelligence,
/US FEDERAL GOVERNMENT/[usgovmanual] Peace Corps (170),[usgovmanual] Peace Corps (170),,,,,,,,,,,,,,,,,,"1111 Twentieth Street NW., Washington, DC 20526",,202-692-2231,855-855-1961,202-692-2000,http://www.peacecorps.gov,Peace Corps,Executive Branch: Independent Agencies and Government Corporations,Parent,,The Sources of Information were updated 8–2019.,,170,,"The Peace Corps gives the peoples of host countries increased access to volunteers who are qualified, skilled, and trained, and it strengthens mutual understanding between Americans and the peoples of the countries served.",Peace Corps,
/US FEDERAL GOVERNMENT/[usgovmanual] Overseas Private Investment Corporation (169),[usgovmanual] Overseas Private Investment Corporation (169),,,,,,,,,,,,,,,,,,"1100 New York Avenue NW., Washington, DC 20527",,202-336-7949,202-336-8400,,http://www.opic.gov,Overseas Private Investment Corporation,Executive Branch: Independent Agencies and Government Corporations,Parent,info@opic.gov,"For further information, contact the Overseas Private Investment Corporation, 1100 New York Avenue NW., Washington, DC 20527. Phone, 202-336-8400. Fax, 202-336-7949.",https://www.opic.gov/doing-business-us/contact-us,169,,The Overseas Private Investment Corporation promotes economic growth and job opportunities both at home and abroad by encouraging U.S. private investment in developing countries and emerging markets.,Overseas Private Investment Corporation,
/US FEDERAL GOVERNMENT/[usgovmanual] Pension Benefit Guaranty Corporation (171),[usgovmanual] Pension Benefit Guaranty Corporation (171),,,,,,,,,,,,,,,,,,"1200 K Street NW., Washington, DC 20005",,,202-326-4000,800-400-7242,http://www.pbgc.gov,Pension Benefit Guaranty Corporation,Executive Branch: Independent Agencies and Government Corporations,Parent,,"For further information, contact the Pension Benefit Guaranty Corporation, 1200 K Street NW., Washington, DC 20005-4026. Phone, 202-326-4000 or 800-400-7242 .",http://www.pbgc.gov/about/pg/contact/contact.html,171,,The Pension Benefit Guaranty Corporation protects the retirement incomes of American workers in private-sector defined benefit pension plans.,Pension Benefit Guaranty Corporation,https://govmanual.gpo.gov/ReadLibraryItem.ashx?SFN=UeeDO8j6e0dG7ahKrxI9AcDdGsxglZVj&SF=PAmu4nDRyaoCugTKvsXyXx/6G6ZqqOY1fk7ZHZboqk4=
/US FEDERAL GOVERNMENT/[usgovmanual] Postal Regulatory Commission (172),[usgovmanual] Postal Regulatory Commission (172),,,,,,,,,,,,,,,,,,"901 New York Avenue NW., Suite 200, Washington, DC 20268-0001",,202-789-6861,202-789-6800,,http://www.prc.gov,Postal Regulatory Commission,Executive Branch: Independent Agencies and Government Corporations,Parent,,"For further information, contact the Secretary, Postal Regulatory Commission, 901 New York Avenue NW., Suite 200, Washington, DC 20268-0001. Phone, 202-789-6840.",http://www.prc.gov/offices/osa,172,,The Postal Regulatory Commission develops and implements a modern system of postal rate regulation.,Postal Regulatory Commission,
/US FEDERAL GOVERNMENT/[usgovmanual] Railroad Retirement Board (173),[usgovmanual] Railroad Retirement Board (173),,,,,,,,,,,,,,,,,,"844 North Rush Street, Chicago, IL 60611-1275",opa@rrb.gov,312-751-7154,312-751-4777,,http://www.rrb.gov,Railroad Retirement Board,Executive Branch: Independent Agencies and Government Corporations,Parent,,,,173,,The Railroad Retirement Board administers comprehensive retirement-survivor and unemployment-sickness benefit programs for the Nation's railroad workers and their families.,Railroad Retirement Board,
/US FEDERAL GOVERNMENT/[usgovmanual] Securities and Exchange Commission (174),[usgovmanual] Securities and Exchange Commission (174),,,,,,,,,,,,,,,,,,"100 F Street NE., Washington, DC 20549",,,202-551-7500,,http://www.sec.gov,Securities and Exchange Commission,Executive Branch: Independent Agencies and Government Corporations,Parent,,,,174,,"The Securities and Exchange Commission protects investors, facilitates capital formation, and maintains efficient, fair, and orderly markets.",Securities and Exchange Commission,
/US FEDERAL GOVERNMENT/[usgovmanual] Selective Service System (175),[usgovmanual] Selective Service System (175),,,,,,,,,,,,,,,,,,"National Headquarters, Arlington, VA 22209-2425",,,703-605-4100,,http://www.sss.gov,Selective Service System,Executive Branch: Independent Agencies and Government Corporations,Parent,,The Sources of Information were updated 7–2019.,,175,,The Selective Service System supplies the Armed Forces with manpower in an emergency and operates an Alternative Service Program for men classified as conscientious objectors.,Selective Service System,
/US FEDERAL GOVERNMENT/[usgovmanual] Small Business Administration (176),[usgovmanual] Small Business Administration (176),,,,,,,,,,,,,,,,,,"409 Third Street SW., Washington, DC 20416",,202-205-7064,202-205-6600,,http://www.sba.gov,Small Business Administration,Executive Branch: Independent Agencies and Government Corporations,Parent,,The Sources of Information were updated 6–2019.,,176,,"The Small Business Administration aids, assists, and counsels entrepreneurs and protects their business interests; preserves free and competitive enterprise; and maintains and strengthens the overall economy.",Small Business Administration,
/US FEDERAL GOVERNMENT/[usgovmanual] Surface Transportation Board (335),[usgovmanual] Surface Transportation Board (335),,,,,,,,,,,,,,,,,,"395 E Street SW., Washington, DC 20423",rcpa@stb.gov,,202-245-0245,,http://www.stb.gov,Surface Transportation Board,Executive Branch: Independent Agencies and Government Corporations,Parent,,,,335,,The Surface Transportation Board adjudicates and resolves railroad rate and service disputes and reviews proposals for railroad mergers.,Surface Transportation Board,
/US FEDERAL GOVERNMENT/[usgovmanual] Social Security Administration (177),[usgovmanual] Social Security Administration (177),,,,,,,,,,,,,,,,,,"6401 Security Boulevard, Baltimore, MD 21235",,,410-965-1234 / 800-772-1213,800-325-0778 (TTY),http://www.socialsecurity.gov,Social Security Administration,Executive Branch: Independent Agencies and Government Corporations,Parent,OPI.Policy.Coordination@ssa.gov,"For further information, contact the Office of Public Inquiries, Social Security Administration, 6401 Security Boulevard, 1106 West High Rise Building, Baltimore, MD 21235. Phone, 410-965-0709. Fax, 410-965-0695.",https://www.ssa.gov/agency/contact,177,,"The Social Security Administration manages the retirement, survivors, and disability insurance programs that are known as Social Security; it administers the Supplemental Security Income program for the aged, blind, and disabled; and it assigns Social Security numbers to U.S. citizens and maintains earnings records based on those numbers.",Social Security Administration,
/US FEDERAL GOVERNMENT/[usgovmanual] Tennessee Valley Authority (178),[usgovmanual] Tennessee Valley Authority (178),,,,,,,,,,,,,,,,,,"400 West Summit Hill Drive, Knoxville, TN 37902",,,865-632-2101,,http://www.tva.com,Tennessee Valley Authority,Executive Branch: Independent Agencies and Government Corporations,Parent,,The Sources of Information were updated 8–2020.,,178,,The Tennessee Valley Authority conducts a unified program of resource development to advance economic growth in the Tennessee Valley region.,Tennessee Valley Authority,
/US FEDERAL GOVERNMENT/[usgovmanual] United States African Development Foundation (128),[usgovmanual] United States African Development Foundation (128),,,,,,,,,,,,,,,,,,"1400 I Street NW., Suite 1000, Washington, DC 20005",,202-673-3810,202-233-8800,,http://www.usadf.gov,United States African Development Foundation,Executive Branch: Independent Agencies and Government Corporations,Parent,,,,128,,The United States African Development Foundation provides seed capital and technical assistance to support African-led development that grows community enterprises.,United States African Development Foundation,
/US FEDERAL GOVERNMENT/[usgovmanual] Trade and Development Agency (179),[usgovmanual] Trade and Development Agency (179),,,,,,,,,,,,,,,,,,"1000 Wilson Boulevard, Suite 1600, Arlington, VA 22209-3901",,703-875-4009,703-875-4357,,http://www.ustda.gov,Trade and Development Agency,Executive Branch: Independent Agencies and Government Corporations,Parent,info@ustda.gov,"For further information, contact the U.S. Trade and Development Agency, 1000 Wilson Boulevard, Suite 1600, Arlington, VA 22209-3901. Phone, 703-875-4357. Fax, 703-875-4009.",https://www.ustda.gov/about/contact,179,,The Trade and Development Agency advances economic development and U.S. commercial interest in developing and middle-income countries.,Trade and Development Agency,https://govmanual.gpo.gov/ReadLibraryItem.ashx?SFN=MFGokbhL0zEJ063AwpQpj9a5gLY8+MzZ&SF=PAmu4nDRyaoCugTKvsXyXx/6G6ZqqOY1fk7ZHZboqk4=
/US FEDERAL GOVERNMENT/[usgovmanual] United States Agency for Global Media (129),[usgovmanual] United States Agency for Global Media (129),,,,,,,,,,,,,,,,,,"330 Independence Avenue SW., Washington, DC 20237",,,202-203-4545,,http://www.usagm.gov,United States Agency for Global Media,Executive Branch: Independent Agencies and Government Corporations,Parent,,,,129,,"The U.S. Agency for Global Media informs, engages, and connects people around the world in support of freedom and democracy.",United States Agency for Global Media,
/US FEDERAL GOVERNMENT/[usgovmanual] United States Agency for International Development (180),[usgovmanual] United States Agency for International Development (180),,,,,,,,,,,,,,,,,,"1300 Pennsylvania Avenue NW., Washington, DC 20523",,,202-712-0000,,http://www.usaid.gov,United States Agency for International Development,Executive Branch: Independent Agencies and Government Corporations,Parent,,,,180,,The United States Agency for International Development seeks to eradicate extreme global poverty and enables resilient and democratic societies to realize their potential.,United States Agency for International Development,
/US FEDERAL GOVERNMENT/[usgovmanual] United States Commission on Civil Rights (181),[usgovmanual] United States Commission on Civil Rights (181),,,,,,,,,,,,,,,,,,"1331 Pennsylvania Avenue NW., Suite 1150, Washington, DC 20425",,,202-376-8128,800-977-8339 (FedRelay),http://www.usccr.gov,United States Commission on Civil Rights,Executive Branch: Independent Agencies and Government Corporations,Parent,,"For further information, contact the Office of the Staff Director, U.S. Commission on Civil Rights, 1331 Pennsylvania Avenue NW., Suite 1150, Washington, DC 20425. Phone, 202-376-7700. Phone, 800-977-8339 (FedRelay).",http://www.usccr.gov/contact/index.php,181,,The Commission on Civil Rights informs the development of national civil rights policy and enhances enforcement of Federal civil rights laws.,United States Commission on Civil Rights,https://govmanual.gpo.gov/ReadLibraryItem.ashx?SFN=Nw/rc3LbONHbVh/TratLDZjllbVsBruZ&SF=PAmu4nDRyaoCugTKvsXyXx/6G6ZqqOY1fk7ZHZboqk4=
/US FEDERAL GOVERNMENT/[usgovmanual] United States International Trade Commission (182),[usgovmanual] United States International Trade Commission (182),,,,,,,,,,,,,,,,,,"500 E Street SW., Washington, DC 20436",,,202-205-2000,,http://www.usitc.gov,United States International Trade Commission,Executive Branch: Independent Agencies and Government Corporations,Parent,,The Sources of Information were updated 7–2019.,,182,,"The United States International Trade Commission provides the President, the U.S. Trade Representative, and the Congress with independent analysis of and information on tariffs, international trade, and the Nation's competitiveness; makes determinations in proceedings involving imports that may harm a domestic industry or violate U.S. intellectual property rights; and maintains the Harmonized Tariff Schedule of the United States.",United States International Trade Commission,
/US FEDERAL GOVERNMENT/[usgovmanual] United States Office of Special Counsel (168),[usgovmanual] United States Office of Special Counsel (168),,,,,,,,,,,,,,,,,,"1730 M Street NW., Suite 218, Washington, DC 20036-4505",,202-653-5151,202-804-7000,800-872-9855,http://www.osc.gov,United States Office of Special Counsel,Executive Branch: Independent Agencies and Government Corporations,Parent,,The Sources of Information were updated 11–2019.,,168,,"The United States Office of Special Counsel investigates allegations of certain activities prohibited by civil service laws, rules, or regulations and litigates before the Merit Systems Protection Board.",United States Office of Special Counsel,
/US FEDERAL GOVERNMENT/[usgovmanual] United States Postal Service (183),[usgovmanual] United States Postal Service (183),,,,,,,,,,,,,,,,,,"475 L'Enfant Plaza SW., Washington, DC 20260",,,202-268-2000,,http://about.usps.com,United States Postal Service,Executive Branch: Independent Agencies and Government Corporations,Parent,,The Sources of Information were updated 9–2020.,,183,,"The United States Postal Service binds the Nation together through the people's personal, educational, literary, and business correspondence by providing prompt, reliable, and efficient services to patrons in all areas and by rendering postal services to all communities.",United States Postal Service,
/US FEDERAL GOVERNMENT/[usgovmanual] Legal Services Corporation (185),[usgovmanual] Legal Services Corporation (185),,,,,,,,,,,,,,,,,,"3333 K Street NW., Washington, DC 20007",,202-337-6797,202-295-1500,,http://www.lsc.gov,Legal Services Corporation,Quasi-Official Agencies,Parent,,,,185,,The Legal Services Corporation promotes equal access to justice and provides civil legal assistance to low-income persons.,Legal Services Corporation,
/US FEDERAL GOVERNMENT/[usgovmanual] Smithsonian Institution (186),[usgovmanual] Smithsonian Institution (186),,,,,,,,,,,,,,,,,,"1000 Jefferson Drive SW., Washington, DC 20560",,,202-633-1000,,http://www.si.edu,Smithsonian Institution,Quasi-Official Agencies,Parent,,"For further information, contact the Smithsonian Information Center, 1000 Jefferson Drive SW., Washington, DC 20560. Phone, 202-633-1000. TDD, 202-357-1729.",http://www.nga.gov/content/ngaweb/contact-us/department-list,186,,The Smithsonian Institution increases the fund of human knowledge and diffuses that knowledge among people.,Smithsonian Institution,
/US FEDERAL GOVERNMENT/[usgovmanual] State Justice Institute (187),[usgovmanual] State Justice Institute (187),,,,,,,,,,,,,,,,,,"11951 Freedom Drive, Suite 1020, Reston, VA 20190",contact@sji.gov,,571-313-8843,,http://www.sji.gov,State Justice Institute,Quasi-Official Agencies,Parent,,The Sources of Information were updated 10–2019.,,187,,The State Justice Institute supports the Nation's judicial system and the public that it serves.,State Justice Institute,
/US FEDERAL GOVERNMENT/[usgovmanual] United States Holocaust Memorial Museum (333),[usgovmanual] United States Holocaust Memorial Museum (333),,,,,,,,,,,,,,,,,,"100 Raoul Wallenberg Place, SW., Washington, DC 20024-2126",,,202-488-0400,"TTY, 202-488-0406",http://www.ushmm.org,United States Holocaust Memorial Museum,Quasi-Official Agencies,Parent,,The Sources of Information were updated 7–2019.,,333,,"The United States Holocaust Memorial Museum promotes documentation, study, and interpretation of the Holocaust and maintains a permanent living memorial to its victims.",United States Holocaust Memorial Museum,
/US FEDERAL GOVERNMENT/[usgovmanual] United States Institute of Peace (188),[usgovmanual] United States Institute of Peace (188),,,,,,,,,,,,,,,,,,"2301 Constitution Avenue NW., Washington, DC 20037",,202-429-6063,202-457-1700,,http://www.usip.org,United States Institute of Peace,Quasi-Official Agencies,Parent,,,,188,,"The United States Institute of Peace prevents, mitigates, and resolves violent conflicts around the world.",United States Institute of Peace,
/US FEDERAL GOVERNMENT/[usgovmanual] African Development Bank (189),[usgovmanual] African Development Bank (189),,,,,,,,,,,,,,,,,,"Avenue Jean-Paul II, 01 BP 1387, Abidjan 01, Côte d'Ivoire",afdb@afdb.org,,+225 20 26 10 20,,http://www.afdb.org,African Development Bank,International Organizations,Parent,,The Sources of Information were updated 10–2020.,,189,,"The African Development Bank reduces poverty in Arica, improves living conditions for Africans, and mobilizes resources for economic and social development throughout the continent.",African Development Bank,
/US FEDERAL GOVERNMENT/[usgovmanual] Asian Development Bank (196),[usgovmanual] Asian Development Bank (196),"Headquarters: 6 ADB Avenue, Mandaluyong City, 1550 Metro Manila, Philippines",information@adb.org,+632 636-2444,+632 632-4444,http://www.adb.org,"ADB North American Representative Office: 900 17th Street NW., Suite 900, Washington DC 20006",,202 728 1505,202-728-1500,,,,,,,,,,,,,,,Asian Development Bank,International Organizations,Parent,,,,196,,The Asian Development Bank stimulates sustainable economic development and social progress in member countries to mitigate poverty and its effects.,Asian Development Bank,
/US FEDERAL GOVERNMENT/[usgovmanual] European Bank for Reconstruction and Development (237),[usgovmanual] European Bank for Reconstruction and Development (237),,,,,,,,,,,,,,,,,,"One Exchange Square, London EC2A 2JN, United Kingdom",,,+44 20 7338 6000,,http://www.ebrd.com,European Bank for Reconstruction and Development,International Organizations,Parent,,,,237,,The European Bank for Reconstruction and Development develops open and sustainable market economies in democratic countries.,European Bank for Reconstruction and Development,
/US FEDERAL GOVERNMENT/[usgovmanual] Inter-American Defense Board (190),[usgovmanual] Inter-American Defense Board (190),,,,,,,,,,,,,,,,,,"2600 Sixteenth Street NW., Washington, DC 20441",protocol@jid.org,202-319-2791,202-939-6041,,http://iadb.jid.org,Inter-American Defense Board,International Organizations,Parent,jid@jid.org,"For further information, contact the Inter-American Defense Board, 2600 Sixteenth Street NW., Washington, DC 20441. Phone, 202-939-6041. Fax, 202-319-2791.",http://iadb.jid.org/quienes-somos/contactos,190,,,Inter-American Defense Board,
/US FEDERAL GOVERNMENT/[usgovmanual] Inter-American Development Bank (197),[usgovmanual] Inter-American Development Bank (197),,,,,,,,,,,,,,,,,,"Headquarters: 1300 New York Avenue NW., Washington, DC 20577",,202-623-3096,202-623-1000,,http://www.iadb.org,Inter-American Development Bank,International Organizations,Parent,,,,197,,,Inter-American Development Bank,
/US FEDERAL GOVERNMENT/[usgovmanual] Inter-American Investment Corporation (200),[usgovmanual] Inter-American Investment Corporation (200),,,,,,,,,,,,,,,,,,"Headquarters: 1350 New York Avenue NW., Washington, DC 20577",,,202-623-3901,,http://www.iic.org/en,Inter-American Investment Corporation,International Organizations,Parent,,,,200,,The Inter-American Development Bank promotes development in Latin America and the Caribbean through the private sector.,Inter-American Investment Corporation,
/US FEDERAL GOVERNMENT/[usgovmanual] International Monetary Fund (191),[usgovmanual] International Monetary Fund (191),,,,,,,,,,,,,,,,,,"700 Nineteenth Street NW., Washington, DC 20431",,202-623-4661,202-623-7000,,http://www.imf.org,International Monetary Fund,International Organizations,Parent,,,,191,,"The International Monetary Fund fosters global monetary cooperation, secures financial stability, facilitates international trade, promotes employment and sustainable economic growth, and reduces poverty worldwide.",International Monetary Fund,
/US FEDERAL GOVERNMENT/[usgovmanual] International Organization for Migration (192),[usgovmanual] International Organization for Migration (192),"Headquarters: 17 Route des Morillons, C.P. 17, CH–1211 Geneva 19, Switzerland. Mailing address, P.O. Box 71, CH–1211, Geneva 19, Switzerland",hq@iom.int,,011-41-22-717-9111,http://www.iom.int,"Washington Office: Suite 700, 1752 N Street NW., Washington, DC 20036",IOMWashington@iom.int,,202-862-1826,"New York Office: 122 E. 42d Street, 48th Floor, New York, NY 10168",newyork@iom.int,212-681-7000,,,,,,,,,,,,International Organization for Migration,International Organizations,Parent,,,,192,,"The International Organization for Migration analyzes and addresses underlying issues of migration; deals with the operational challenges of migration management; promotes economic and social development through migration; and champions the dignity and well-being of migrants, while confronting xenophobic narratives that hurt them.",International Organization for Migration,
/US FEDERAL GOVERNMENT/[usgovmanual] Organization of American States (193),[usgovmanual] Organization of American States (193),,,,,,,,,,,,,,,,,,"Seventeenth Street and Constitution Avenue NW., Washington, DC 20006",,202-458-3967,202-370-5000,,http://www.oas.org/en,Organization of American States,International Organizations,Parent,,,,193,,"The Organization of American States seeks an order of peace and justice among its member states, promotes their solidarity and strengthens their collaboration, and defends their sovereignty, territorial integrity, and independence.",Organization of American States,
/US FEDERAL GOVERNMENT/[usgovmanual] United Nations (194),[usgovmanual] United Nations (194),"United Nations, New York, NY 10017",,,212-963-1234,http://www.un.org,"United Nations Office at Geneva: Palais des Nations, 1211 Geneva 10, Switzerland",,,,"United Nations Office at Vienna: Vienna International Centre, P.O. Box 500, A–1400, Vienna, Austria",,,"Washington, DC: United Nations Information Centre, Suite 500, 1775 K Street NW., Washington, DC 20006",unicdc@unic.org,202-331-9191,202-331-8670,http://www.unicwash.org,,,,,,,United Nations,International Organizations,Parent,,,,194,,"The United Nations supports tolerance and peaceful coexistence among the nations; seeks to maintain peace and security among them; opposes the use of armed force, except in the common interest; and promotes the economic and social advancement of all peoples.",United Nations,
/US FEDERAL GOVERNMENT/[usgovmanual] World Bank Group (198),[usgovmanual] World Bank Group (198),,,,,,,,,,,,,,,,,,"Headquarters: 1818 H Street NW., Washington, DC 20433",,202-477-6391,202-473-1000,,http://www.worldbank.org,World Bank Group,International Organizations,Parent,,,,198,,The World Bank Group promotes shared global prosperity and seeks to end extreme poverty.,World Bank Group,
