,,,,,,,,,,,,,,,,,,,,,,US FEDERAL GOVERNMENT,,,,,,,,,,,,,,,,,,,,,,,,,,
,Staff Directory,,"The U.S. Agency for International Development (USAID) is the principal U.S. agency to extend assistance to countries recovering from disaster, trying to escape poverty, and engaging in democratic reforms.",http://www.usaid.gov/,,,,USAID,,,Ronald Reagan Building,,U.S. Agency for International Development (USAID),,,,,https://www.usaid.gov/who-we-are/organization,,Independent Agency,,Agency for International Development (USAID),https://www.usaid.gov/contact-us,mailto:open@usaid.gov,,Contact the U.S. Agency for International Development,http://www.usaid.gov/mission-directory,,U.S. Agency for International Development (USAID) Forms,,,Overseas Missions,,,,1-202-712-0000,https://www.usaid.gov/forms,,,,,,,,,,1-202-712-4810,
,,,"The U.S. Agency for Global Media, formerly known as the Broadcasting Board of Governors, broadcasts news and information about the United States and the world to audiences abroad.",https://www.usagm.gov/,,,,,,,"330 Independence Ave., SW",,U.S. Agency for Global Media,,,,,,,Independent Agency,,Agency for Global Media,https://www.usagm.gov/news-and-information/press-room/,mailto:publicaffairs@usagm.gov,,Contact the U.S. Agency for Global Media,,,,,,,,,,,,,,,,,,,,,1-202-203-4000,
,,,The African Development Foundation provides grants to community groups and small enterprises that benefit under-served and marginalized groups in Africa.,https://www.usadf.gov/,,,,,,,"1400 I St., NW",,African Development Foundation,,,,,,,Independent Agency,,African Development Foundation,http://www.usadf.gov/contact-us/,mailto:info@adf.gov,,Contact the African Development Foundation,,,,,,,,,,,,,,,,,,,,,1-202-673-3916,
,,,The Advisory Council on Historic Preservation encourages the preservation of historic properties across the nation.,https://www.achp.gov/,,,,,,,"401 F St., NW",,Advisory Council on Historic Preservation,,,,,,,"Independent Board, Commission, Committee",,Advisory Council on Historic Preservation,https://www.achp.gov/contact/feedback,mailto:achp@achp.gov,,Contact the Advisory Council on Historic Preservation,,,,,,,,,,,,,,,,,,,,,1-202-517-0200,
,,,"The Administrative Office of the United States Courts handles the nonjudicial, administrative business of the United States Courts such as maintaining statistics and managing Court budgets.",https://www.uscourts.gov/,,,,,,,"One Columbus Circle, NE",,Administrative Office of the U.S. Courts,,,,,,,Judicial,,Administrative Office of the U.S. Courts,https://www.uscourts.gov/contact-us,,,Contact the Administrative Office of the U.S. Courts,https://www.uscourts.gov/federal-court-finder/search,,National Federal Court Forms,,,Court Locator,,,,,https://www.uscourts.gov/services-forms/forms,,,,,,,,,,1-202-502-2600,
,,,The Administrative Conference of the United States is an independent federal agency dedicated to improving federal agency administrative processes and procedures.,https://www.acus.gov/,,,,,,,"1120 20th St., NW",,Administrative Conference of the United States,,,,,,,Independent Agency,,Administrative Conference of the United States,https://www.acus.gov/directory/staff,mailto:info@acus.gov,,Contact the Administrative Conference of the United States,,,,,,,,,,,,,,,,,,,,,1-202-480-2080,
,File an Accessibility Complaint,1-202-272-0082,"The Access Board is an independent federal agency devoted to accessibility for people with disabilities. The Board develops and maintains design criteria for the built environment, transit vehicles, telecommunications equipment, and for electronic and information technology.",https://www.access-board.gov/,,,,,,,"1331 F St., NW",,U.S. Access Board,,,,1-800-993-2822,https://consumercomplaints.fcc.gov/hc/en-us,,Executive Department Sub-Office/Agency/Bureau,,Access Board,https://www.access-board.gov/contact/,mailto:info@access-board.gov,,Contact the U.S. Access Board,,,Accessibility Complaint Form,,,,1-800-872-2253,,,,https://www.access-board.gov/enforcement/,,,,,,,,,,1-202-272-0080,
,,,The AbilityOne Commission creates job opportunities for people who are blind or have other significant disabilities in the manufacture and delivery of products and services to the Federal Government.,https://www.abilityone.gov/,,,,,,,355 E Street SW,,U.S. AbilityOne Commission,,,,,,,Executive Department Sub-Office/Agency/Bureau,,AbilityOne Commission,https://www.abilityone.gov/contact_us/index.html,mailto:info@abilityone.gov,,Contact the U.S. AbilityOne Commission,,,,,,,1-800-999-5963,,,,,,,,,,,,,,1-703-603-2100,
,,,The Gulfport and Washington campuses of the Armed Forces Retirement Home are retirement centers for veterans of the U.S. military.,http://www.afrh.gov/,1-800-422-9988,,,,,,,,Armed Forces Retirement Home,,,,,,,Executive Department Sub-Office/Agency/Bureau,,Armed Forces Retirement Home,https://www.afrh.gov/contactus,mailto:Admissions@afrh.gov,,Contact the Armed Forces Retirement Home,,,,,,,1-800-422-9988,,,1-228-897-4418,,,,,,,,,,,1-202-541-7501,
,,,The U.S. Arctic Research Commission develops and recommends a national Arctic research policy.,https://www.arctic.gov/,,,,,,,4350 N. Fairfax Dr.,,U.S. Arctic Research Commission,,,,,,,"Independent Board, Commission, Committee",,Arctic Research Commission,https://www.arctic.gov/contact/,mailto:info@arctic.gov,,Contact the U.S. Arctic Research Commission,,,,,,,,,,,,,,,,,,,,,1-703-525-0111,
,,711,"The National Archives and Records Administration preserves U.S. government records, manages the Presidential Libraries system, and publishes laws, regulations, Presidential, and other public documents.",https://www.archives.gov/,,,,NARA,,,8601 Adelphi Rd.,,National Archives and Records Administration,,,,,,,Independent Agency,,"Archives, National Archives and Records Administration (NARA)",https://www.archives.gov/contact,,,Contact the National Archives and Records Administration,https://www.archives.gov/locations,,National Archives and Records Administration,,,"National Archives Facilities, by State",1-86-NARA-NARA,,,,https://www.archives.gov/forms,,,,,,,,,,,
,,,The Appalachian Regional Commission works for sustainable community and economic development in Appalachia.,https://www.arc.gov/,,,,,,,"1666 Connecticut Ave., NW",,Appalachian Regional Commission,,,,,,,"Independent Board, Commission, Committee",,Appalachian Regional Commission,https://www.arc.gov/contact-arc/,mailto:info@arc.gov,,Contact the Appalachian Regional Commission,,,,,,,,,,,,,,,,,,,,,1-202-884-7700,
,,1-800-523-6590,"Amtrak, the National Railroad Passenger Corporation, provides intercity rail passenger service.",https://www.amtrak.com/home.html,,,,AMTRAK,,,"60 Massachusetts Ave., NE",,National Railroad Passenger Corporation (AMTRAK),,,,,,,Independent Agency,,Amtrak (AMTRAK),https://www.amtrak.com/contact-us,,,Contact the National Railroad Passenger Corporation (AMTRAK),,,,,,,1-800-USA-RAIL,,,,,,,,,,,,,,1-202-906-3000,
,,,"Formerly known as the Corporation for National and Community Service, AmeriCorps, and AmeriCorps Seniors engage volunteers in serving directly with nonprofit organizations to tackle the nation's most pressing challenges.",https://americorps.gov/,,,,,,,"250 E Street, SW",,AmeriCorps,,,,,,,Independent Agency,,AmeriCorps,https://americorps.gov/contact,,,Contact AmeriCorps,https://americorps.gov/contact/region-offices,,AmeriCorps Forms,,,State Offices,1-800-942-2677,,,,https://www.nationalservice.gov/programs/americorps/current-members/forms,,,,,,,,,,,
,Order Floral Decorations for Grave Sites,,"The American Battle Monuments Commission manages 24 overseas military cemeteries, and 25 memorials, monuments, and markers. Nearly all the cemeteries and memorials honor those who served in World War I or World War II.",https://www.abmc.gov/,,https://www.abmc.gov/,,,,,"Courthouse Plaza II, Suite 500",,American Battle Monuments Commission,,,,,https://www.abmc.gov/about-us/our-services/flowers-our-sites,,"Independent Board, Commission, Committee",,American Battle Monuments Commission,https://www.abmc.gov/contact-us,mailto:info@abmc.gov,Search for Individuals Buried or Memorialized Overseas,Contact the American Battle Monuments Commission,https://www.abmc.gov/cemeteries-memorials,,,,,Locate Cemeteries and Memorials,,,,,,,,,,,,,,,703-584-1501,
,Submit a Complaint,1-855-729-CFPB,"The Consumer Financial Protection Bureau helps consumers by providing educational materials and accepting complaints. It supervises banks, lenders, and large non-bank entities, such as credit reporting agencies and debt collection companies. The Bureau also works to make credit card, mortgage, and other loan disclosures clearer, so consumers can understand their rights and responsibilities.",https://www.consumerfinance.gov/,,,,,,,PO Box 27170,,Consumer Financial Protection Bureau,,,,,https://www.consumerfinance.gov/complaint/,,Independent Agency,,Bureau of Consumer Financial Protection,https://www.consumerfinance.gov/about-us/contact-us/,,,Contact the Consumer Financial Protection Bureau,,,,,,,1-855-411-CFPB,,,,,,,,,,,,,,,
,,,"The Barry Goldwater Scholarship and Excellence in Education Program awards scholarships to college students who intend to pursue careers in science, mathematics, and engineering.",https://goldwater.scholarsapply.org/,,,,,,,,,Barry M. Goldwater Scholarship and Excellence in Education Program,,,,,,,"Independent Board, Commission, Committee",,Barry M. Goldwater Scholarship and Excellence in Education Program,https://goldwater.scholarsapply.org/contact-us/,,,Contact the Barry M. Goldwater Scholarship and Excellence in Education Program,https://goldwater.scholarsapply.org/campus-representative-locator/,,,,,Find a Goldwater Scholarship Faculty Representative,,,,,,,,,,,,,,,1-319-341-2333,
,,,"Each of the 94 federal judicial districts  handles bankruptcy matters, and in almost all districts, bankruptcy cases are filed in the bankruptcy court. Bankruptcy laws help people who can no longer pay their creditors get a fresh start by liquidating their assets to pay their debts, or by creating a repayment plan.",https://www.uscourts.gov/services-forms/bankruptcy,,,,,,,,,Bankruptcy Courts,,,,,,,Judicial,,Bankruptcy Courts,https://www.uscourts.gov/about-federal-courts/federal-courts-public/court-website-links,,,Contact the Bankruptcy Courts,https://www.uscourts.gov/federal-court-finder/search,,Bankruptcy Forms,,,Find Bankruptcy Courts Offices Near You,,,,,https://www.uscourts.gov/forms/bankruptcy-forms,,,,,,,,,,,
,,,The Citizens' Stamp Advisory Committee evaluates all stamp proposals. The Committee's primary goal is to select subjects of broad national interest for recommendation to the Postmaster General that are both interesting and educational.,https://about.usps.com/who-we-are/csac/welcome.htm,,,,,,,"475 L’Enfant Plaza, SW",,Citizens' Stamp Advisory Committee,,,,,,,"Independent Board, Commission, Committee",,Citizens' Stamp Advisory Committee,,,,,,,,,,,,,,,,,,,,,,,,,,
,,,"The U.S. Courts of Appeal hear appeals from lower courts of both civil and criminal trials, but do not investigate the facts of a case. Rather, the Appeals Courts investigate whether or not the law has been fairly and correctly applied by the lower courts.",http://www.uscourts.gov/about-federal-courts,,,,,,,,,U.S. Courts of Appeal,,,,,,,Judicial,,Circuit Courts of Appeal,http://cafc.uscourts.gov/contact/clerks-office,,,Contact the U.S. Courts of Appeal,http://www.uscourts.gov/court_locator.aspx,,U.S. Circuit Courts of Appeal Forms,,,Court Locator,,,,,http://www.uscourts.gov/services-forms,,,,,,,,,,,
,,,The CIO Council is the principal interagency forum on Federal agency practices for information technology management.,https://www.cio.gov/,,,,,,,,,Chief Information Officers Council,,,,,,,None,,Chief Information Officers Council,,mailto:feedback@cio.gov,,,,,,,,,,,,,,,,,,,,,,,,
,,,"The Chief Human Capital Officers Council works to modernize human resources systems, improve the quality of human resources information, and advises on legislation affecting human resources operations.",https://www.chcoc.gov/,,,,,,,"1900 E St., NW",,Chief Human Capital Officers Council,,,,,,,None,,Chief Human Capital Officers Council,,mailto:chcoc@opm.gov,,,,,,,,,,,,,,,,,,,,,,,,
,,,The Chief Financial Officers Council works to improve financial management in the U.S. government.,https://www.cfo.gov,,,,,,,,,Chief Financial Officers Council,,,,,,,None,,Chief Financial Officers Council,,,,,,,,,,,,,,,,,,,,,,,,,,
,,,The Chief Acquisition Officers Council monitors and improves the federal acquisition system.,https://www.acquisition.gov/cao-home,,,,,,,,,Chief Acquisition Officers Council,,,,,,,None,,Chief Acquisition Officers Council,,mailto:acquisition_gov.systemadmin@gsa.gov,,,,,,,,,,,,,,,,,,,,,,,,
,,,The Chemical Safety Board investigates industrial chemical accidents.,https://www.csb.gov/,,,,,,,"1750 Pennsylvania Ave., NW",,Chemical Safety Board,,,,,,,"Independent Board, Commission, Committee",,Chemical Safety Board,https://www.csb.gov/contact/,mailto:public@csb.gov,,Contact the Chemical Safety Board,,,,,,,,,,,,,,,,,,,,,1-202-261-7600,
,,,"The Central Intelligence Agency (CIA) collects, evaluates, and disseminates vital information on economic, military, political, scientific, and other developments abroad to safeguard national security.",https://www.cia.gov/,,,,CIA,,,Central Intelligence Agency,,Central Intelligence Agency,,,,,,,Independent Agency,,Central Intelligence Agency (CIA),https://www.cia.gov/contact-cia/,,,Contact the Central Intelligence Agency,,,,,,,,,,,,,,,,,,,,,,
,,,The Court of Appeals for the Armed Forces is an appeals court with worldwide jurisdiction for anyone subject to the Uniform Code of Military Justice.,https://www.armfor.uscourts.gov/newcaaf/home.htm,,,,,,,"450 E St., NW",,Court of Appeals for the Armed Forces,,,,,,,Judicial,,Court of Appeals for the Armed Forces,https://www.armfor.uscourts.gov/newcaaf/contact.htm,,,Contact the Court of Appeals for the Armed Forces,,,,,,,,,,,,,,,,,,,,,1-202-761-1448,
,"Report Government Waste, Fraud and Abuse",,"The Council of the Inspectors General on Integrity and Efficiency address integrity, economy, and effectiveness issues in the federal government.",http://www.ignet.gov,,,,,,,,,Council of the Inspectors General on Integrity and Efficiency,,,,,https://www.ignet.gov/node/207,,"Independent Board, Commission, Committee",,Council of the Inspectors General on Integrity and Efficiency,https://www.ignet.gov/content/inspectors-general-directory,mailto:cigie.information@cigie.gov,,Inspectors General Directory,,,,,,,,,,,,,,,,,,,,,1-202-292-2600,
,,,"The Coordinating Council on Juvenile Justice and Delinquency Prevention coordinates, studies the effectiveness of, and makes recommendations on juvenile crime prevention activities.",https://juvenilecouncil.ojp.gov/,,,,,,,"810 7th St., NW",,Coordinating Council on Juvenile Justice and Delinquency Prevention,,,,,,,"Independent Board, Commission, Committee",,Coordinating Council on Juvenile Justice and Delinquency Prevention,https://juvenilecouncil.ojp.gov/contact,,,Contact the Coordinating Council on Juvenile Justice and Delinquency Prevention,,,,,,,,,,,,,,,,,,,,,1-202-616-7567,
,Report an Unsafe Product,,"The Consumer Product Safety Commission (CPSC) protects the public from unreasonable risks of serious injury or death from thousands of types of consumer products under its jurisdiction, including products that pose a fire, electrical, chemical, or mechanical hazard or can injure children.",https://www.cpsc.gov/,,,,CPSC,,,4330 East West Hwy.,,Consumer Product Safety Commission,,,,,https://www.saferproducts.gov/IncidentReporting,https://www.cpsc.gov/es/SeguridadConsumidor,Independent Agency,https://www.recalls.gov/,Consumer Product Safety Commission (CPSC),https://www.cpsc.gov/About-CPSC/Contact-Information,,,Contact the Consumer Product Safety Commission,,,Consumer Product Safety Commission Forms,,,,1-800-638-2772,,"Report incidents, injuries, or safety concerns",,https://www.cpsc.gov/Business--Manufacturing/Business-Education/Business-Guidance/Mattresses/Suggested-Recordkeeping-Forms-for-16-CFR-1633,,Government recalls,,In Spanish,,,https://www.saferproducts.gov,,,1-301-504-7923,
,,1-202-225-1904,"The U.S. Senate and the U.S. House of Representatives make up the two chambers of Congress.  The Senate has 100 members, 2 from each state, who are elected to serve for a term of 6 years.",http://www.senate.gov/,,,,,,,United States Senate,,U.S. Senate,,,,,,,Legislative,http://www.senate.gov/pagelayout/senators/a_three_sections_with_teasers/leadership.htm,Congress—U.S. Senate,http://www.senate.gov/general/contact_information/senators_cfm.cfm,,,Contact the U.S. Senate,http://www.visitthecapitol.gov,,,,,Capitol Visitor Center,,,Senate Committees,,,http://www.senate.gov/pagelayout/history/one_item_and_teasers/officers.htm,Senate Leadership,Officers and Staff of the Senate,,,,http://www.senate.gov/pagelayout/committees/d_three_sections_with_teasers/committees_home.htm,,,1-202-224-3121,
,Contact Your Representative,1-202-225-1904,"The U.S. House of Representatives and the U.S. Senate make up the two chambers of Congress. The House has 435 members, the number representing each state is determined by population.",http://www.house.gov/,,,,,,,U.S. House of Representatives,,U.S. House of Representatives,,,,,https://www.house.gov/representatives/find-your-representative,,Legislative,http://www.house.gov/committees/,Congress—U.S. House of Representatives,https://www.house.gov/representatives,,,Contact the U.S. House of Representatives,http://www.visitthecapitol.gov,,,,,Capitol Visitor Center,,,House Leadership,,,https://www.house.gov/the-house-explained/officers-and-organizations,House Committees,Officers and Organizations of the House,,,,http://www.house.gov/leadership/,,,1-202-224-3121,
,,1-202-418-5514,"The Commodity Futures Trading Commission protects the public from fraud, manipulation, and abusive practices related to the sale of commodity and financial futures and options, and to fosters open, competitive, and financially sound futures and option markets. They investigate and prosecute commodities fraud, including foreign currency schemes, energy manipulation and hedge fund fraud, and works with other federal and state agencies to bring criminal and other actions.",https://www.cftc.gov/,,,,CFTC,,,Office of External Affairs,,Commodity Futures Trading Commission (CFTC),,,,,,,Independent Agency,,Commodity Futures Trading Commission (CFTC),https://www.cftc.gov/Contact/index.htm,mailto:questions@cftc.gov,,Contact the Commodity Futures Trading Commission,,,Commodity Futures Trading Commission Forms,,,,,,,,https://www.cftc.gov/Forms/index.htm,,,,,,,,,,1-202-418-5000,
,,,The Commission on Security and Cooperation in Europe monitors and encourages compliance with the Helsinki Final Act and other Organization for Security and Co-operation in Europe commitments.,https://www.csce.gov,,,,,,,234 Ford House Office Building,,Commission on Security and Cooperation in Europe (Helsinki Commission),,,,,,,Independent Agency,,Commission on Security and Cooperation in Europe (Helsinki Commission),https://www.csce.gov/,mailto:INFO@CSCE.gov,,Contact the Commission on Security and Cooperation in Europe (Helsinki Commission),,,,,,,,,,,,,,,,,,,,,1-202-225-1901,
,,,"The U.S. Commission on International Religious Freedom reviews the facts and circumstances of violations of religious freedom internationally and to make policy recommendations to the President, the Secretary of State and Congress.",http://www.uscirf.gov/,,,,,,,"800 North Capitol St., NW",,U.S. Commission on International Religious Freedom,,,,,,,Executive Department Sub-Office/Agency/Bureau,,Commission on International Religious Freedom,http://www.uscirf.gov/about-uscirf/contact-us,mailto:communications@uscirf.gov,,Contact the U.S. Commission on International Religious Freedom,,,,,,,,,,,,,,,,,,,,,1-202-523-3240,
,,1-202-376-8116,"The U.S. Commission on Civil Rights is an independent, bipartisan agency charged with monitoring federal civil rights enforcement.",http://www.usccr.gov,,,,,,,Public Affairs Unit,,Commission on Civil Rights,,,,,,,Independent Agency,,Commission on Civil Rights,https://www.usccr.gov/contact/offices,mailto:referrals@usccr.gov,,Contact the Commission on Civil Rights,,,,,,,1-800-552-6843,,,1-202-376-8513,,,,,,,,,,,1-202-376-7700,
,,,"The U. S. Commission of Fine Arts advises the government on matters pertaining to the arts, and to guide the architectural development of Washington.",http://www.cfa.gov/,,,,,,,"401 F St., NW",,U.S. Commission of Fine Arts,,,,,,,"Independent Board, Commission, Committee",,Commission of Fine Arts,https://www.cfa.gov/contact-us,mailto:cfastaff@cfa.gov,,Contact the U.S. Commission of Fine Arts,,,,,,,,,,,,,,,,,,,,,1-202-504-2200,
,,,"The Court Services and Offender Supervision Agency provides supervision of adults on parole, probation, and supervised release in the District of Columbia.",https://www.csosa.gov,,,,,,,"633 Indiana Ave., NW",,Court Services and Offender Supervision Agency for the District of Columbia,,,,,,,Executive Department Sub-Office/Agency/Bureau,,Court Services and Offender Supervision Agency for the District of Columbia,https://www.csosa.gov/contact-us,,,Contact the Court Services and Offender Supervision Agency for the District of Columbia,,,Court Services and Offender Supervision Agency for the District of Columbia,,,,,,,,https://www.csosa.gov/records-management/,,,,,,,,,,1-202-220-5300,
,,,The United States Court of International Trade resolves trade disputes by interpreting and applying customs and international trade laws.,http://www.cit.uscourts.gov/,,,,,,,1 Federal Plaza,,Court of International Trade,,,,,,,Judicial,,Court of International Trade,http://www.cit.uscourts.gov/court-info/court-locations,,,Contact the Court of International Trade,,,Court of International Trade Forms,,,,,,,,http://www.cit.uscourts.gov/Rules/Index_Rules_Forms.html,,,,,,,,,,1-212-264-2800,
,,,The U.S. Court of Federal Claims has jurisdiction over claims seeking money judgments against the United States.,http://www.uscfc.uscourts.gov/,,,,,,,"717 Madison Place, NW",,Court of Federal Claims,,,,,,,Judicial,,Court of Federal Claims,http://www.uscfc.uscourts.gov/court-directory,,,Contact the Court of Federal Claims,http://www.uscfc.uscourts.gov/hours-directions,,Court of Federal Claims Forms,,,Directions and Hours,,,,,http://www.uscfc.uscourts.gov/rules,,,,,,,,,,1-202-357-6400,
,,,The Court of Appeals for Veterans Claims hears appeals of decisions made by the Board of Veterans Appeals. You must have a decision from the Board of Veterans Appeals to bring a case before this court.,http://www.uscourts.cavc.gov,,,,,,,"625 Indiana Ave., NW",,U.S. Court of Appeals for Veterans Claims,,,,,,,Judicial,,Court of Appeals for Veterans Claims,http://www.uscourts.cavc.gov/contact.php,mailto:efiling@uscourts.cavc.gov,,Contact the U.S. Court of Appeals for Veterans Claims,,,Court of Appeals for Veterans Claims Forms,,,,,,,1-202-418-3453,http://www.uscourts.cavc.gov/forms_fees.php,,,,,,,,,,1-202-501-5970,
,,,"The Delta Regional Authority is a partnership to improve economic and community growth in eight states. Those states are Alabama, Arkansas, Illinois, Kentucky, Louisiana, Mississippi, Missouri, and Tennessee.",https://dra.gov/,,,,,,,"400 North Capitol St., NW",,Delta Regional Authority,,,,,,,"Independent Board, Commission, Committee",,Delta Regional Authority,https://dra.gov/accountability/connect/,,,Contact the Delta Regional Authority,,,,,,,,,,,,,,,,,,,,,1-202-434-4870,
,Staff Directory,,"In 1961, the federal government and the governments of Delaware, New Jersey, Pennsylvania, and New York, entered into an agreement that created the Delaware River Basin Commission. The Commission has the independent legal authority to oversee and manage the Delaware River Basin.",http://www.state.nj.us/drbc/,,,,,,,25 State Police Dr.,,Delaware River Basin Commission,,,,,http://www.nj.gov/drbc/about/staff/index.html,,"Independent Board, Commission, Committee",,Delaware River Basin Commission,http://www.nj.gov/drbc/contact/,,,Contact the Delaware River Basin Commission,http://www.nj.gov/drbc/contact/directions/,,Delaware River Basin Commission Forms,,,Directions,,,,,http://www.state.nj.us/drbc/programs/forms.html,,,,,,,,,,1-609-883-9500,
,,,The Defense Nuclear Facilities Safety Board reviews the content and implementation of health and safety standards at Department of Energy Defense Nuclear Facilities. The board also makes recommendations to the President and Secretary of Energy regarding health and safety issues at Defense Nuclear Facilities.,https://www.dnfsb.gov/,,,,,,,"625 Indiana Ave., NW",,Defense Nuclear Facilities Safety Board,,,,,,,Independent Agency,,Defense Nuclear Facilities Safety Board,https://www.dnfsb.gov/contact-us,mailto:mailbox@dnfsb.gov,,Contact the Defense Nuclear Facilities Safety Board,,,,,,,,,,,,,,,,,,,,,1-202-694-7000,
,,,The Office of the Director of National Intelligence integrates the intelligence gathering and analysis functions performed across the intelligence community to provide intelligence to decision makers.,https://www.dni.gov/,,,,,,,Office of the Director of National Intelligence,,Office of the Director of National Intelligence,,,,,,,Independent Agency,,"Director of National Intelligence, Office of",https://www.dni.gov/,,,Contact the Office of the Director of National Intelligence,,,,,,,,,,,,,,,,,,,,,1-703-733-8600,
,Staff Directory,,"The Denali Commission provides critical utilities, infrastructure, and economic support throughout Alaska.",https://www.denali.gov/,,,,,,,510 L St.,,Denali Commission,,,,,https://www.denali.gov/about/our-staff/,,Independent Agency,,Denali Commission,https://www.denali.gov/contact/,,,Contact the Denali Commission,,,Denali Commission Forms,,,,1-888-480-4321,,,,https://www.denali.gov/grants/#forms,,,,,,,,,,1-907-271-1414,
,,1-202-663-4494,"The Equal Employment Opportunity Commission (EEOC) enforces laws that make discrimination illegal in the workplace. The commission oversees all types of work situations including hiring, firing, promotions, harassment, training, wages, and benefits.",https://www.eeoc.gov/,,,,EEOC,,,"131 M Street, NE",,Equal Employment Opportunity Commission (EEOC),,,,,,,Independent Agency,,Equal Employment Opportunity Commission (EEOC),https://www.eeoc.gov/contact-eeoc,mailto:info@eeoc.gov,,Contact the Equal Employment Opportunity Commission,,,Equal Employment Opportunity Commission Forms,,,,1-800-669-4000,,,,https://www.eeoc.gov/federal-sector/sample-alternative-dispute-resolution-forms,,,,,,,,,,1-202-663-4900,
,,,"The Environmental Protection Agency protects people and the environment from significant health risks, sponsors and conducts research, and develops and enforces environmental regulations.",https://www.epa.gov/,,,,EPA,,,Ariel Rios Building,,Environmental Protection Agency (EPA),,,,,,,Independent Agency,,Environmental Protection Agency (EPA),https://www.epa.gov/aboutepa/forms/contact-epa,,,Contact the Environmental Protection Agency,https://www.epa.gov/aboutepa#regional,,,,,Regional Offices,,,,,,,,,,,,,,,,
,,,"The Election Assistance Commission (EAC) supports state and local election officials in their efforts to ensure accessible, accurate. and secure elections. EAC develops guidance to meet the Help America Vote Act requirements, adopts voluntary voting system guidelines, and serves as a national clearinghouse of information on election administration. EAC also accredits testing laboratories and certifies voting systems, as well as audits the use of Help America Vote Act funds.",http://www.eac.gov/,,,,EAC,,,633 3rd Street N.W.,,Election Assistance Commission (EAC),,,,,,,Executive Department Sub-Office/Agency/Bureau,,Election Assistance Commission (EAC),https://www.eac.gov/contactuseac,,,Contact the Election Assistance Commission,,,,,,,1-866-747-1471,,,,,,,,,,,,,,1-301-563-3919,
,,,"The Under Secretary of State for Economic Growth, Energy, and the Environment leads the State Department’s efforts to develop and implement international policies related to economic growth, energy, agriculture, the ocean, the environment, and science and technology.",https://www.state.gov/bureaus-offices/under-secretary-for-economic-growth-energy-and-the-environment/,,,,,,,,,"Economic Growth, Energy, and the Environment",,,,,,,Executive Department Sub-Office/Agency/Bureau,,"Economic Growth, Energy, and the Environment",https://register.state.gov/contactus/,,,"Contact Economic Growth, Energy, and the Environment",,,,,,,,,,,,,,,,,,,,,,
,,1-202-565-3377,"The Export-Import Bank assists American businesses export their goods by providing financial assistance in the form of loans, loan guarantees and insurance. The focus of the Export-Import Bank is on assisting small businesses.",https://www.exim.gov,,,,,,,"811 Vermont Ave., NW",,Export-Import Bank of the United States,,,,,,,Independent Agency,,Export-Import Bank of the United States,https://www.exim.gov/contact,mailto:info@exim.gov,,Contact the Export-Import Bank of the United States,,,Export-Import Bank Forms,,,,1-800-565-3946,,,,https://www.exim.gov/tools-for-exporters/applications-forms,,,,,,,,,,1-202-565-3946,
,,,The Federal Financial Institutions Examination Council is an interagency body that seeks to standardize the oversight criteria and methods of the various financial regulatory bodies.,http://www.ffiec.gov/,,,,,,,,,Federal Financial Institutions Examination Council,,,,,,,"Independent Board, Commission, Committee",,Federal Financial Institutions Examination Council,http://www.ffiec.gov/contact/default.aspx,,,Contact the Federal Financial Institutions Examination Council,,,Federal Financial Institutions Examination Council Forms,,,,,,,,https://www.ffiec.gov/ffiec_report_forms.htm,,,,,,,,,,,
,Contact the Public Records Branch,1-202-219-3336,"The Federal Election Commission enforces federal campaign finance laws, including monitoring donation prohibitions, and limits and oversees public funding for presidential campaigns.",https://www.fec.gov/,,,,,,,"1050 First Street, NE",,Federal Election Commission,,,,,https://www.fec.gov/introduction-campaign-finance/how-to-research-public-records/,,Independent Agency,,Federal Election Commission,https://www.fec.gov/contact/,mailto:info@fec.gov,,Contact the Federal Election Commission,,,Federal Election Commission Forms,,,,1-800-424-9530,,,,https://www.fec.gov/help-candidates-and-committees/forms/,,,,,,,,,,1-202-694-1100,
,,1-800-925-4618,"The Federal Deposit Insurance Corporation (FDIC) answers questions about federal deposit insurance coverage, and handles complaints and inquiries about FDIC-insured state banks which are not members of the Federal Reserve System.",https://www.fdic.gov/,,,,FDIC,,,Division of Depositor and Consumer Protection,,Federal Deposit Insurance Corporation (FDIC),,,,,,,Independent Agency,,Federal Deposit Insurance Corporation (FDIC),https://www.fdic.gov/contact/,,,Contact the Federal Deposit Insurance Corporation,,,Federal Deposit Insurance Corporation Forms,,,,1-877-275-3342,,,,https://www.fdic.gov/regulations/laws/forms/,,,,,,,,,,,
,File a Complaint with the Federal Communications Commission,1-888-TELL-FCC,"The Federal Communications Commission regulates interstate and international communications through cable, radio, television, satellite and wire. The goal of the Commission is to promote connectivity and ensure a robust and competitive market.",https://www.fcc.gov/,,,,FCC,,,"445 12th St., SW",,Federal Communications Commission (FCC),,,,,https://consumercomplaints.fcc.gov/hc/en-us,,Independent Agency,,Federal Communications Commission (FCC),https://www.fcc.gov/about/contact,mailto:fccinfo@fcc.gov,,Contact the Federal Communications Commission,,,Federal Communications Commission Forms,,,,1-888-CALL-FCC,,,,https://www.fcc.gov/licensing-databases/forms#block-menu-block-4,,,,,,,,,,,
,Staff Directory,,The Federal Accounting Standards Advisory Board works to improve government accountability by issuing federal financial accounting and reporting standards that conform to industry best practices.,http://www.fasab.gov/,,,,,,,"441 G St., NW",,Federal Accounting Standards Advisory Board,,,,,http://files.fasab.gov/pdffiles/staff_contact_info.pdf,,Executive Department Sub-Office/Agency/Bureau,,Federal Accounting Standards Advisory Board,https://www.faa.gov/contact/,mailto:fasab@fasab.gov,,Contact the Federal Accounting Standards Advisory Board,,,,,,,,,,,,,,,,,,,,,1-202-512-7350,
,,1-703-883-4390,"The Farm Credit System Insurance Corporation ensures the payment of principal and interest on insured notes, bonds, and other obligations issued on behalf of Farm Credit System.",https://www.fcsic.gov/,,,,,,,1501 Farm Credit Dr.,,Farm Credit System Insurance Corporation,,,,,,,Executive Department Sub-Office/Agency/Bureau,,Farm Credit System Insurance Corporation,https://www.fcsic.gov/site/contact,mailto:pfitzingerr@fcsic.gov,,Contact the Farm Credit System Insurance Corporation,,,,,,,,,,,,,,,,,,,,,1-703-883-4380,
,,1-703-883-4056,"The Farm Credit Administration is an independent financial regulatory agency that oversees the Farm Credit System, a nationwide network of lending institutions that serve farmers, ranchers, agricultural cooperatives, and other eligible borrowers. It also oversees the Federal Agricultural Mortgage Corporation or Farmer Mac, which provides a secondary market for agricultural real estate mortgage loans, rural housing loans, and rural cooperative loans.",https://www.fca.gov/,,,,,,,1501 Farm Credit Dr.,,Farm Credit Administration,,,,,,,Independent Agency,,Farm Credit Administration,https://www.fca.gov/utility-pages/contact-us,mailto:info-line@fca.gov,,Contact the Farm Credit Administration,,,,,,,1-703-883-4056,,,,,,,,,,,,,,,
,,1-866-653-4261,"The Federal Trade Commission works to prevent fraudulent, deceptive, and unfair business practices. They also provide information to help consumers spot, stop, and avoid scams and fraud.",https://www.ftc.gov/,,,,FTC,,,"600 Pennsylvania Ave., NW",,Federal Trade Commission (FTC),,,,,,,Independent Agency,https://www.consumer.ftc.gov/Admongo/lesson-plans.html,Federal Trade Commission (FTC),https://www.ftc.gov/about-ftc/contact,,,Contact the Federal Trade Commission,,,,,,,1-877-FTC-HELP,,Online Security Tips,,,https://consumer.ftc.gov/,Advertising Literacy for Kids,Consumer Information,,,,https://consumer.ftc.gov/features/onguardonline,,,1-202-326-2222,
,,1-877-847-4385,"The Federal Retirement Thrift Investment Board administers the Thrift Savings Plan, a tax-deferred retirement account similar to a 401(k).",https://www.frtib.gov/,,,,,,,Thrift Savings Plan,,Federal Retirement Thrift Investment Board,,,,,,,Independent Agency,,Federal Retirement Thrift Investment Board,https://www.frtib.gov/contacts/,,,Contact the Federal Retirement Thrift Investment Board,,,,,,,1-877-968-3778,,,,,,,,,,,,,,1-404-233-4400,
,File a Complaint About a Bank,1-877-766-8533,The Federal Reserve is the central bank of the United States. It formulates and administers credit and monetary policy.,https://www.federalreserve.gov/,,,,,,https://www.federalreserve.gov/apps/foia/proposedregs.aspx,"20th St. and Constitution Ave., NW",Comment on Federal Reserve Proposals,Federal Reserve System,,,,,https://forms.federalreserveconsumerhelp.gov/secure/complaint/complaintType,,Independent Agency,,Federal Reserve System,https://www.federalreserve.gov/apps/ContactUs/feedback.aspx?refUrl=/aboutthefed/contact-us-topics/other.htm,,,Contact the Federal Reserve System,,,Federal Reserve System Reporting Forms,,,,1-888-851-1920,,,,https://www.federalreserve.gov/apps/reportforms/default.aspx,,,,,,,,,,1-202-452-3000,
,,,The Federal Mine Safety and Health Review Commission is an independent agency that administers trials and hears appeals of disputes relating directly to the Mine Safety and Health Act of 1977.,http://www.fmshrc.gov/,,,,,,,"1331 Pennsylvania Ave., NW",,Federal Mine Safety and Health Review Commission,,,,,,,Independent Agency,,Federal Mine Safety and Health Review Commission,http://www.fmshrc.gov/contact,mailto:fmshrc@fmshrc.gov,,Contact the Federal Mine Safety and Health Review Commission,,,,,,,,,,,,,,,,,,,,,1-202-434-9900,
,Field Offices,,The Federal Mediation and Conciliation Service provides mediation and other conflict resolution services for managing and enhancing labor-management relationships.,http://www.fmcs.gov/,,,,,,,"250 E St., SW",,Federal Mediation and Conciliation Service,,,,,http://www.fmcs.gov/internet/itemDetail.asp?categoryID=82&itemID=16282,,Independent Agency,,Federal Mediation and Conciliation Service,http://www.fmcs.gov/internet/categoryList.asp?categoryID=63,,,Contact the Federal Mediation and Conciliation Service,,,Federal Mediation and Conciliation Service Forms,,,,,,,,https://www.fmcs.gov/resources/forms-applications/,,,,,,,,,,1-202-606-8100,
,Bureaus and Offices,,"The Federal Maritime Commission is responsible for regulating the U.S. international ocean transportation system for the benefit of U.S. exporters, importers, and the U.S. consumer.",https://www.fmc.gov/,,,,,,,"800 North Capitol St., NW",,Federal Maritime Commission,,,,,https://www.fmc.gov/about-the-fmc/bureaus-offices/,,Independent Agency,,Federal Maritime Commission,https://www.fmc.gov/contact,mailto:Complaints@fmc.gov,,Contact the Federal Maritime Commission,,,,,,,,,,,,,,,,,,,,,1-202-523-5725,
,,,The Federal Library and Information Center Committee coordinates and shares available resources to provide continuing education and training to federal library and information center employees.,https://www.loc.gov/flicc/,,,,,,,"101 Independence Ave., SE",,Federal Library and Information Center Committee,,,,,,,"Independent Board, Commission, Committee",,Federal Library and Information Center Committee,https://www.loc.gov/flicc/Staff/staff2.html,,,Contact the Federal Library and Information Center Committee,,,,,,,,,,,,,,,,,,,,,1-202-707-4800,
,,,"The Federal Laboratory Consortium for Technology Transfer facilitates knowledge and technology sharing across federal laboratories, and speeds the adoption of new knowledge and technologies in the wider economy by facilitating the sharing federal research with non-governmental public and private entities.",https://federallabs.org/,,,,,,,FLC Management Support Office,,Federal Laboratory Consortium for Technology Transfer,,,,,,,"Independent Board, Commission, Committee",,Federal Laboratory Consortium for Technology Transfer,https://federallabs.org/webforms/contact,mailto:support@federallabs.org,,Contact the Federal Laboratory Consortium for Technology Transfer,,,,,,,,,,,,,,,,,,,,,1-856-667-7727,
,,,The Federal Labor Relations Authority is a quasi-judicial body that manages relations between federal agencies and employees.,http://www.flra.gov,,,,FLRA,,,"1400 K St., NW",,Federal Labor Relations Authority,,,,,,,Independent Agency,,Federal Labor Relations Authority (FLRA),http://www.flra.gov/contact,,,Contact the Federal Labor Relations Authority,,,Federal Labor Relations Authority Forms,,,,,,,,https://www.flra.gov/resources-training/resources/forms-checklists,,,,,,,,,,,
,,,The Federal Judicial Center conducts policy research and provides continuing education resources for the judicial branch.,https://www.fjc.gov/,,,,,,,Thurgood Marshall Federal Judiciary Building,,Federal Judicial Center,,,,,,,Judicial,,Federal Judicial Center,,,,,,,,,,,,,,,,,,,,,,,,,1-202-502-4000,
,,,FedStats is a community of practice for over 100 agencies that produce and distribute official federal statistics.,,,,,,,,,,,[],,,,,,"Independent Board, Commission, Committee",,Federal Interagency Council on Statistical Policy,https://nces.ed.gov/FCSM/contact_us.asp,,,Contact the Federal Interagency Council on Statistical Policy (FedStats),,,,,,,,,,,,,,,,,,,,,,
,,,"The Federal Housing Finance Agency provides supervision, regulation, and housing mission oversight of Fannie Mae, Freddie Mac, and the Federal Home Loan Banks.",https://www.fhfa.gov/,,,,,,,"400 7th St., SW",,Federal Housing Finance Agency,,,,,,,Independent Agency,,Federal Housing Finance Agency,https://www.fhfa.gov/AboutUs/Contact,mailto:FHFAinfo@FHFA.gov,,Contact the Federal Housing Finance Agency,,,,,,,,,,,,,,,,,,,,,1-202-649-3800,
,,,"The Federal Geographic Data Committee is an interagency group that promotes and coordinates the production, use, and publication of geospatial data.",http://www.fgdc.gov/,,,,,,,12201 Sunrise Valley Dr.,,Federal Geographic Data Committee,,,,,,,"Independent Board, Commission, Committee",,Federal Geographic Data Committee,http://www.fgdc.gov/aboutus,mailto:fgdc@fgdc.gov,,Contact the Federal Geographic Data Committee,,,,,,,,,,,,,,,,,,,,,,
,Report Misconduct,1-800-877-8339,"The Office of Government Ethics provides oversight, policy, and guidance to the Executive Branch regarding ethics laws and policies.",https://www.oge.gov/,,,,OGE,,,"1201 New York Ave., NW",,Office of Government Ethics,,,,,https://www.oge.gov/web/oge.nsf/about_reporting-misconduct,,Independent Agency,,"Government Ethics, Office of (OGE)",https://www.oge.gov/web/oge.nsf/about_contacts,mailto:ContactOGE@oge.gov,,Contact the Office of Government Ethics,,,Office of Government Ethics Forms,,,,,,,,https://www.oge.gov/web/oge.nsf/OGE%20Forms?OpenView,,,,,,,,,,1-202-482-9300,
,Staff Directory,,The General Services Administration manages federal property and provides contracting options for government agencies.,https://www.gsa.gov/,,,,GSA,,,"1800 F St., NW",,General Services Administration (GSA),,,,,https://www.gsa.gov/staff-directory,,Independent Agency,,General Services Administration (GSA),https://www.gsa.gov/staff-directory#contactUsForm,,,Contact the General Services Administration (GSA),,,General Services Administration Forms,,,,,,,,https://www.gsa.gov/reference/forms,,,,,,,,,,,
,,1-202-488-0406,"A living memorial to the victims of the Holocaust, the Memorial Museum was built on donated federal land and is funded through private donations.",https://www.ushmm.org/,,,,,,,"100 Raoul Wallenberg Place, SW",,Holocaust Memorial Museum,,,,,,,Executive Department Sub-Office/Agency/Bureau,,Holocaust Memorial Museum,https://www.ushmm.org/information/connect-with-the-museum,,,Contact the Holocaust Memorial Museum,,,Holocaust Memorial Museum Forms,,,,,,,,https://www.ushmm.org/information/exhibitions/traveling-exhibitions/retired-exhibitions/fighting-the-fires-of-hate/a,,,,,,,,,,1-202-488-0400,
,,,"The Harry S. Truman Scholarship Foundation provides scholarships to college juniors who demonstrate outstanding potential, and who plan to pursue a career in public service.",http://www.truman.gov/,,,,,,,"712 Jackson Place, NW",,Harry S. Truman Scholarship Foundation,,,,,,,"Independent Board, Commission, Committee",,Harry S. Truman Scholarship Foundation,https://www.truman.gov/about-us/contact-us,mailto:office@truman.gov,,Contact the Harry S. Truman Scholarship Foundation,,,,,,,,,,,,,,,,,,,,,1202-395-4831,
,,,"With representatives from 16 federal agencies, this committee partners with the public and private organizations to identify and manage invasive plants in the U.S.",,,,,,,,,,,[],,,,,,"Independent Board, Commission, Committee",,Interagency Committee for the Management of Noxious and Exotic Weeds,,,,,,,,,,,,,,,,,,,,,,,,,,
,,,The Interagency Alternative Dispute Resolution Working Group helps federal agencies develop and implement Alternative Dispute Resolution programs.,https://adr.gov/,,,,,,,"950 Pennsylvania Ave., NW",,Interagency Alternative Dispute Resolution Working Group,,,,,,,"Independent Board, Commission, Committee",,Interagency Alternative Dispute Resolution Working Group,https://adr.gov/contact/,mailto:ADRWeb@usdoj.gov,,Federal Alternative Dispute Resolution Programs and Contacts,,,,,,,,,,,,,,,,,,,,,,
,,,The Inter-American Foundation provides grant support to Latin American and Caribbean grass-roots groups and non-governmental organizations with creative self-help ideas.,https://www.iaf.gov/,,,,,,,"1331 Pennsylvania Ave., NW",,Inter-American Foundation,,,,,,,Independent Agency,,Inter-American Foundation,https://www.iaf.gov/contact/,mailto:inquiries@iaf.gov,,Contact the Inter-American Foundation,,,,,,,,,,,,,,,,,,,,,1-202-360-4530,
,,,"The Institute of Peace promotes research, policy analysis, education, and training on international peace and conflict resolution in an effort to prevent and resolve violent conflicts, and to promote post-conflict stability.",http://www.usip.org/,,,,,,,"2301 Constitution Ave., NW",,Institute of Peace,,,,,,,Quasi-official,,Institute of Peace,http://www.usip.org/contact,,,Contact the Institute of Peace,,,,,,,,,,,,,,,,,,,,,1-202-457-1700,
,,1-202-653-4614,"The Institute of Museum and Library Services is a grant making organization that also conducts research and develops policy. The Institute helps libraries and museums innovate, fosters lifelong learning and cultural and civic engagement.",https://www.imls.gov/,,,,,,,"955 L’Enfant Plaza North, SW",,Institute of Museum and Library Services,,,,,,,Independent Agency,,Institute of Museum and Library Services,https://www.imls.gov/contact/contact-us,mailto:imlsinfo@imls.gov,,Contact the Institute of Museum and Library Services,,,Institute of Museum and Library Services Forms,,,,,,,1-202-653-4700,https://www.imls.gov/grants/manage-your-grant/grant-administration,,,,,,1-202-653-4789,,,,1-202-653-4657,
,,1-202-205-1810,"The International Trade Commission investigates whether or not, and to what extent, an unfair trade practice harms U.S. businesses. When unfair trade practices are found to harm U.S. businesses, the Commission may implement corrective measures. The Commission also provides the President and Congress impartial information on international trade to inform trade policy.",http://www.usitc.gov/,,,,,,,"500 East St., SW",,U.S. International Trade Commission,,,,,,,Independent Agency,,International Trade Commission,https://www.usitc.gov/contact_us.htm,,,Contact the U.S. International Trade Commission,,,,,,,,,,,,,,,,,,,,,1-202-205-2000,
,,,The U.S. International Development Finance Corporation (DFC) is America’s development bank. DFC partners with the private sector to finance solutions to the most critical challenges facing the developing world.,https://www.dfc.gov,,,,DFC,,,"1100 New York Ave., NW",,U.S. International Development Finance Corporation (DFC),,,,,,,Independent Agency,,International Development Finance Corporation (DFC),https://www.dfc.gov/who-we-are/contact,mailto:info@dfc.gov,,Contact the International Development Finance Corporation (DFC),,,,,,,,,,,,,,,,,,,,,1-202-336-8400,
,Find Help for Homeless People,,The Interagency Council on Homelessness works in partnership with every level of government and the private sector to reduce and end homelessness in the nation.,https://www.usich.gov/,,,,,,,"1275 First St., NE,",,Interagency Council on Homelessness,,,,,https://www.usich.gov/need-help,,"Independent Board, Commission, Committee",,Interagency Council on Homelessness,https://www.usich.gov/about-usich/contact,mailto:usich@usich.gov,,Contact the Interagency Council on Homelessness,,,,,,,,,,,,,,,,,,,,,1-202-708-4663,
,,,The Judicial Panel on Multidistrict Litigation determines whether civil actions pending in two or more federal judicial districts should be transferred to a single federal district court for pretrial proceedings.,http://www.jpml.uscourts.gov,,,,,,,"Room G-255, North Lobby",,Judicial Panel on Multidistrict Litigation,,,,,,,Judicial,,Judicial Panel on Multidistrict Litigation,http://www.jpml.uscourts.gov/court-info/court-locations,,,Contact the Judicial Panel on Multidistrict Litigation,,,Judicial Panel on Multidistrict Litigation Forms,,,,,,,,http://www.jpml.uscourts.gov/forms/,,,,,,,,,,1-202-502-2800,
,,,"The Joint Fire Science Program provides fire science information, resources and funding announcements for scientists, fire practitioners, and decision makers.",https://www.firescience.gov/,,,,,,,3833 S. Development Ave.,,Joint Fire Science Program,,,,,,,Executive Department Sub-Office/Agency/Bureau,,Joint Fire Science Program,https://www.firescience.gov/JFSP_Contact_Us.cfm,,,Contact the Joint Fire Science Program,,,,,,,,,,,,,,,,,,,,,,
,,,"Made up of members of the House and Senate, the Joint Congressional Committee on Inaugural Ceremonies is responsible for planning and carrying out the President's swearing-in ceremony at the U.S. Capitol.",https://www.inaugural.senate.gov/,,,,,,,,,Joint Congressional Committee on Inaugural Ceremonies,,,,,,,Legislative,,Joint Congressional Committee on Inaugural Ceremonies,,,,,,,,,,,,,,,,,,,,,,,,,,
,,,The Joint Board for the Enrollment of Actuaries specifies the standards and qualifications an individual must meet in order to perform actuarial services.,https://www.irs.gov/tax-professionals/enrolled-actuaries,,,,,,,"REFM, Park 4, Floor 4",,Joint Board for the Enrollment of Actuaries,,,,,,,Executive Department Sub-Office/Agency/Bureau,,Joint Board for the Enrollment of Actuaries,https://www.irs.gov/tax-professionals/enrolled-actuaries/how-to-contact-us,mailto:nhqjbea@irs.gov,,Contact the Joint Board for the Enrollment of Actuaries,,,,,,,,,,,,,,,,,,,,,,
,,,"The John F. Kennedy Center for the Performing Arts is a living memorial to President John F. Kennedy. The Center offers a wide range of performances, including frequent free or low-cost performances. The Center also runs a number of educational and outreach programs.",https://www.kennedy-center.org/,,,,,,,"2700 F St., NW",,John F. Kennedy Center for the Performing Arts,,,,,,,Quasi-official,https://www.kennedy-center.org/digital-stage,John F. Kennedy Center for the Performing Arts,https://www.kennedy-center.org/contact/,,,Contact the John F. Kennedy Center for the Performing Arts,,,,,,,1-800-444-1324,,,,,,Today's Free Live Stream from the Kennedy Center,,,,,,,,1-202-467-4600,
,,,"The Japan-United States Friendship Commission gives grants to stimulate engagement in business, educational, or cultural exchanges with Japan.",https://www.jusfc.gov/,,,,,,,"1201 15th St., NW",,Japan-United States Friendship Commission,,,,,,,"Independent Board, Commission, Committee",,Japan-United States Friendship Commission,https://www.jusfc.gov/contact/,mailto:jusfc@jusfc.gov,,Contact the Japan-United States Friendship Commission,,,,,,,,,,,,,,,,,,,,,1-202-653-9800,
,,,The James Madison Memorial Fellowship Foundation offers fellowship opportunities to individuals who are seeking a Master's degree in order to teach secondary students about the U.S. Constitution.,https://www.jamesmadison.gov/,,,,,,,1613 Duke St.,,James Madison Memorial Fellowship Foundation,,,,,,,"Independent Board, Commission, Committee",,James Madison Memorial Fellowship Foundation,,mailto:oalwes@jamesmadison.gov,,,,,,,,,1-800-525-6928,,,,,,,,,,,,,,,
,Copyright Questions,,"The Library of Congress provides Congress with objective research to inform the legislative process, administers the national copyright system, and manages the largest collection of books, recordings, photographs, maps and manuscripts in the world.",https://www.loc.gov/,,,,LOC,,https://www.loc.gov/contact/catalog-record-error-report/,"101 Independence Ave., SE",Report Catalog and Authority Record Errors,Library of Congress (LOC),,,,,https://www.copyright.gov/help/,,Legislative,,Library of Congress (LOC),https://www.loc.gov/contact/,,,Contact the Library of Congress,,,,,,,,,,1-202-707-8000,,,,,,,,,,,1-202-707-5000,
,,,"The Legal Services Corporation is an independent corporation founded by Congress that provides grant funds, training, and technical assistance to civil legal aid programs. The Corporation ensures low income individuals and families have access to quality legal aid.",https://www.lsc.gov/,,,,,,,"3333 K St., NW",,Legal Services Corporation,,,,,,,Quasi-official,,Legal Services Corporation,https://www.lsc.gov/about-lsc/contact-us,mailto:info@lsc.gov,,Contact the Legal Services Corporation,,,,,,,,,,,,,,,,,,,,,1-202-295-1500,
,,1-800-877-8339,"The Merit Systems Protection Board hears appeals from federal employees, and studies federal merit systems in an effort to protect the rights of federal employees.",https://www.mspb.gov/,,,,,,,"1615 M St., NW",,Merit Systems Protection Board,,,,,,,Independent Agency,,Merit Systems Protection Board,https://www.mspb.gov/about/contact.htm,mailto:mspb@mspb.gov,,Contact the Merit Systems Protection Board,,,Merit Systems Protection Board Forms,,,,1-800-424-9121,,,,https://www.mspb.gov/appeals/forms.htm,,,,,,,,,,1-202-653-7200,
,,,"The Medicare Payment Advisory Commission advises Congress on a range of issues affecting Medicare, including payments, services, access, and regulations.",http://www.medpac.gov/,,,,,,,"425 I St., NW",,Medicare Payment Advisory Commission,,,,,,,Legislative,,Medicare Payment Advisory Commission,https://www.medpac.gov/what-we-do/contact/,mailto:webmaster@medpac.gov,,Contact the Medicare Payment Advisory Commission,,,,,,,,,,,,,,,,,,,,,1-202-220-3700,
,,,"The Medicaid and CHIP Payment and Access Commission reviews federal and state medicaid and CHIP policies and makes recommendations to Congress, the department of health and human services, and the states.",,,,,,,,"1800 M Street, NW",,,[],,,,,,Legislative,,Medicaid and CHIP Payment and Access Commission,,,,,,,,,,,,,,,,,,,,[],,,,,(202),
,,,"This hotline answers questions about the safe storage, handling, and preparation of meat, poultry, and egg products to help you prevent foodborne illness.",https://www.fsis.usda.gov,,,,,,,"1400 Independence Ave., SW",,Meat and Poultry Hotline,,,,,,,Executive Department Sub-Office/Agency/Bureau,,Meat and Poultry Hotline,,,,,,,,,,,1-888-674-6854,,,,,,,,,,,,,,,
,,,The Marine Mammal Commission provides oversight of all marine mammal conservation policies and programs carried out by federal regulatory agencies.,http://www.mmc.gov/,,,,,,,4340 East-West Highway,,Marine Mammal Commission,,,,,,,"Independent Board, Commission, Committee",,Marine Mammal Commission,https://www.mmc.gov/about-the-commission/contact-us/,mailto:mmc@mmc.gov,,Contact the Marine Mammal Commission,,,,,,,,,,,,,,,,,,,,,1-301-504-0087,
,,,"The Morris K. Udall and Stewart L. Udall Foundation provides assessment, mediation, and other services to resolve environmental conflicts. The Foundation also supports educational opportunities in the area of environmental policy.",http://www.udall.gov/,,,,,,,130 South Scott Ave.,,Morris K. Udall and Stewart L. Udall Foundation,,,,,,,"Independent Board, Commission, Committee",,Morris K. Udall and Stewart L. Udall Foundation,http://www.udall.gov/AboutUs/Contactus.aspx,mailto:info@udall.gov,,Contact the Morris K. Udall and Stewart L. Udall Foundation,,,,,,,,,,,,,,,,,,,,,1-520-901-8500,
,,,"The Mississippi River Commission researches and provides policy and work recommendations in the areas of flood control, navigation, and environmental projects.",https://www.mvd.usace.army.mil/About/Mississippi-River-Commission-MRC/,,,,,,,1400 Walnut St.,,Mississippi River Commission,,,,,,,"Independent Board, Commission, Committee",,Mississippi River Commission,https://www.mvd.usace.army.mil/Contact.aspx,mailto:cemvd-pa@usace.army.mil,,Contact the Mississippi River Commission,,,,,,,,,,,,,,,,,,,,,1-601-634-5757,
,,,The Millennium Challenge Corporation partners with the best-governed poor countries worldwide to promote economic growth and help people lift themselves out of poverty.,https://www.mcc.gov/,,,,,,,"1099 Fourteenth St., NW",,Millennium Challenge Corporation,,,,,,,Independent Agency,,Millennium Challenge Corporation,https://www.mcc.gov/contact-us,,,Contact the Millennium Challenge Corporation,,,,,,,,,,,,,,,,,,,,,1-202-521-3600,
,Staff Directory,1-202-682-5496,"The National Endowment for the Arts funds, promotes, and strengthens the creative capacity of our communities by providing all Americans with opportunities for arts participation.",https://www.arts.gov/,,,,NEA,,,"400 7th St., SW",,National Endowment for the Arts,,,,,https://www.arts.gov/about/leadership-staff,,Independent Agency,,National Endowment for the Arts (NEA),https://www.arts.gov/about/leadership-staff,,,Contact the National Endowment for the Arts,,,,,,,,,,,,,,,,,,,,,1-202-682-5400,
,,,"The National Credit Union Administration charters and supervises federal credit unions, and insures savings in federal and most state-chartered credit unions.",https://www.ncua.gov/,1-800-755-5999,,,NCUA,,,1775 Duke St.,,National Credit Union Administration,,1-800-827-9650,,,,,Independent Agency,,National Credit Union Administration (NCUA),https://www.ncua.gov/contact-us,mailto:consumerassistance@ncua.gov,,Contact the National Credit Union Administration,https://mapping.ncua.gov/,,,,,Find a Credit Union,1-800-755-1030,,,,,,,,,,,,,,1-703-518-6300,
,,,"The National Council on Disability makes recommendations to the President and Congress on policies affecting Americans with disabilities. They empower individuals with disabilities, and promote equal opportunity.",https://ncd.gov/,,,,,,,"1331 F St., NW",,National Council on Disability,,,,,,,"Independent Board, Commission, Committee",,National Council on Disability,https://ncd.gov/about,mailto:ncd@ncd.gov,,Contact the National Council on Disability,,,,,,,,,,,,,,,,,,,,,1-202-272-2004,
,,,The National Constitution Center is a state-of-the-art museum dedicated to the study of the U.S. Constitution. The museum is also a national hub for constitutional education and outreach.,https://constitutioncenter.org/,,,,,,,525 Arch St.,,National Constitution Center,,,,,,,Quasi-official,,National Constitution Center,https://constitutioncenter.org/about/contact,,,Contact the National Constitution Center,,,,,,,,,,1-215-409-6700,,,,,,,,,,,1-215-409-6700,
,,,"The National Capital Planning Commission crafts long-range plans and policies for the National Capital Region. The Commission provides building and zoning advice to Washington, DC and the surrounding area, and approves various federal construction plans.",http://www.ncpc.gov/,,,,,,,"401 9th St., NW",,National Capital Planning Commission,,,,,,,Independent Agency,,National Capital Planning Commission,https://www.ncpc.gov/about/,mailto:info@ncpc.gov,,Contact the National Capital Planning Commission,,,,,,,,,,,,,,,,,,,,,1-202-482-7200,
,,,"The National Aeronautics and Space Administration (NASA) explores space, and researches Earth systems, the solar system, and the universe.",https://www.nasa.gov/,,,,NASA,,,NASA Headquarters,,National Aeronautics and Space Administration (NASA),,,,,,,Independent Agency,,National Aeronautics and Space Administration (NASA),https://www.nasa.gov/about/contact/index.html,,,Contact the National Aeronautics and Space Administration,https://www.nasa.gov/about/sites/index.html,,National Aeronautics and Space Administration Forms,,,NASA Centers and Facilities,,,,,https://nef.nasa.gov/,,,,,,,,,,1-202-358-0001,
,,,"The National Park Foundation supports America’s national parks through conservation, preservation, education, and community engagement.",http://www.nationalparks.org/,,,,,,,"1201 I St., NW",,National Park Foundation,,,,,,,"Independent Board, Commission, Committee",,National Park Foundation,https://www.nationalparks.org/contact,mailto:ask-npf@nationalparks.org,,Contact the National Park Foundation,http://www.nationalparks.org/explore/?fa=complete-list,,,,,Find a Park Near You,,,,,,,,,,,,,,,1-202-354-6460,
,,,The National Mediation Board facilitates the resolution of labor-management disputes in the rail and airline industries.,https://nmb.gov/NMB_Application/,,,,,,,"1301 K St., NW",,National Mediation Board,,,,,,,Independent Agency,,National Mediation Board,https://nmb.gov/NMB_Application/index.php/agency-contact-center/,mailto:infoline@nmb.gov,,Contact the National Mediation Board,,,National Mediation Board Forms,,,,,,,,https://nmb.gov/NMB_Application/index.php/forms/,,,,,,,,,,1-202-692-5050,
,,1-866-315-NLRB,"The National Labor Relations Board enforces the National Labor Relations Act by investigating allegations of wrong-doing brought by workers, unions, or employers, conducting elections, and deciding and resolving cases.",https://www.nlrb.gov/,,,,NLRB,,,"1099 14th St., NW",,National Labor Relations Board (NLRB),,,,,,,Independent Agency,,National Labor Relations Board (NLRB),https://www.nlrb.gov/contact-us,,,Contact the National Labor Relations Board,https://www.nlrb.gov/about-nlrb/who-we-are/regional-offices,,National Labor Relations Board Forms,,,Regional Offices,1-866-667-NLRB,,,,https://www.nlrb.gov/guidance/fillable-forms,,,,,,,,,,1-202-273-1000,
,Staff Directory,,The National Interagency Fire Center coordinates the national mobilization of resources for wildland fire and other incidents throughout the United States.,https://www.nifc.gov/,,,,,,,3833 S Development Ave.,,National Interagency Fire Center,,,,,https://www.nifc.gov/sites/default/files/document-media/web_directory.pdf,,Executive Department Sub-Office/Agency/Bureau,,National Interagency Fire Center,https://www.nifc.gov/contact-us,mailto:BLM_FA_NIFC_Comments@blm.gov,,Contact the National Interagency Fire Center,,,,,,,,,,,,,,,,,,,,,1-208-387-5512,
,,,"The National Indian Gaming Commission is a regulatory body that oversees some aspects of gaming on Indian lands, often complementing the work of Indian regulators.",https://www.nigc.gov/,,,,,,,"1849 C St., NW",,National Indian Gaming Commission,,,"Washington, DC 20002",,,,Executive Department Sub-Office/Agency/Bureau,,National Indian Gaming Commission,https://www.nigc.gov/commission/contact-nigc/,mailto:contactus@nigc.gov,"90 K St., NE",Contact the National Indian Gaming Commission,,Suite 200,,,Regional Offices,National Indian Gaming Commission Headquarters,,,,,,,,,,,,,https://www.nigc.gov/compliance/regional-offices,,1-202-632-7003,
,,1-202-842-6247,"The National Gallery of Art collects, preserves and exhibits art works, and works to promote the understanding of art through research and educational programs.",http://www.nga.gov/,,,,,,,"4th and Constitution Ave., NW",,National Gallery of Art,,,,,,,Quasi-official,,National Gallery of Art,http://www.nga.gov/content/ngaweb/contact-us.html,,,Contact the National Gallery of Art,,,,,,,,,,1-202-842-6690,,,,,,,,,,,1-202-737-4215,
,Staff Directory,1-866-372-2930,"The National Endowment for the Humanities funds humanities programs in the United States such as museums, archives, libraries, colleges, universities, public television, radio stations, and individual scholars.",http://www.neh.gov,,,,,,,"400 7th St., SW",,National Endowment for the Humanities,,,,1-202-606-8282,http://www.neh.gov/about/staff,,Independent Agency,,National Endowment for the Humanities,http://www.neh.gov/about/contact,mailto:info@neh.gov,,Contact the National Endowment for the Humanities,,,,,,,1-800-634-1121,,,,,,,,,,,,,,1-202-606-8400,
,,,The Nuclear Waste Technical Review Board provides scientific and technical oversight of the Department of Energy's program for managing and disposing of high-level nuclear waste and spent nuclear fuel.,http://www.nwtrb.gov/,,,,,,,2300 Clarendon Blvd.,,Nuclear Waste Technical Review Board,,,,,,,"Independent Board, Commission, Committee",,Nuclear Waste Technical Review Board,,,,,,,,,,,,,,,,,,,,,,,,,1-703-235-4473,
,,1-301-415-5575,"The Nuclear Regulatory Commission regulates commercial nuclear power plants, and other uses of nuclear materials.",http://www.nrc.gov/,1-800-695-7403,,,NRC,,,Nuclear Regulatory Commission,,Nuclear Regulatory Commission (NRC),,,,,,,Independent Agency,,Nuclear Regulatory Commission (NRC),http://www.nrc.gov/about-nrc/contactus.html,,,Contact the Nuclear Regulatory Commission,,,Nuclear Regulatory Commission Forms,,,,1-800-368-5642,,,1-301-816-5100,https://www.nrc.gov/reading-rm/doc-collections/forms/,,,,,,,,,,1-301-415-7000,
,,,The Northwest Power and Conservation Council develops energy plans for the pacific northwest that include conservation efforts for local fish and wildlife.,http://www.nwcouncil.org/,,,,,,,851 S.W. Sixth Ave.,,Northwest Power and Conservation Council,,,,,,,"Independent Board, Commission, Committee",,Northwest Power and Conservation Council,http://www.nwcouncil.org/contact/,mailto:info@nwcouncil.org,,Contact the Northwest Power and Conservation Council,,,,,,,1-800-452-5161,,,,,,,,,,,,,,1-503-222-5161,
,,,"The Northern Border Regional Commission is a federal-state partnership for economic, and community development in northern Maine, New Hampshire, Vermont, and New York.",https://www.nbrc.gov/,,,,,,,"James Cleveland Federal Building, Suite 1201",,Northern Border Regional Commission,,,,,,,"Independent Board, Commission, Committee",,Northern Border Regional Commission,,,,,https://www.nbrc.gov/content/contact,,,,,Contact the Northern Border Regional Commission,,,,,,,,,,,,,,,1-603-369-3001,
,,,"The National Transportation Safety Board investigates every civil aviation accident in the U.S. and significant accidents in other modes of transportation. Based on their investigative findings and special studies, the board makes recommendations aimed at preventing future accidents.",https://www.ntsb.gov/Pages/default.aspx,,,,NTSB,,,"490 L'Enfant Plaza, SW",,National Transportation Safety Board (NTSB),,,,,,,Independent Agency,,National Transportation Safety Board (NTSB),https://ntsb.gov/about/Pages/contactus.aspx,,,Contact the National Transportation Safety Board,,,Certification of Party Representative Form,,,,,,,,https://www.ntsb.gov/legal/Documents/NTSB_Investigation_Party_Form.pdf,,,,,,,,,,1-202-314-6000,
,Staff Directory,1-703-292-5090,"The National Science Foundation supports research and education across all fields of science and technology, primarily through grants.",http://www.nsf.gov/,,,,NSF,,,2415 Eisenhower Ave.,,National Science Foundation (NSF),,,,1-800-281-8749,http://www.nsf.gov/staff/,,Independent Agency,,National Science Foundation (NSF),http://www.nsf.gov/help/contact.jsp,mailto:info@nsf.gov,,Contact the National Science Foundation,,,National Science Foundation Forms,,,,1-800-877-8339,,,,https://www.nsf.gov/publications/index.jsp?org=NSF&archived=false&pub_type=Forms&nsf_org=NSF&search1=,,,,,,,,,,1-703-292-5111,
,,,"The Occupational Safety and Health Review Commission hears trials and appeals, deciding contests of citations or penalties that result from inspections performed by the Occupational Safety and Health Administration.",http://www.oshrc.gov/index.html,,,,,,,"1120 20th St., NW",,Occupational Safety and Health Review Commission,,,,,,,Independent Agency,,Occupational Safety and Health Review Commission,https://www.oshrc.gov/about/important-contact-information/,,,Contact the Occupational Safety and Health Review Commission,,,,,,,,,,,,,,,,,,,,,,
,,1-800-877-8339,"The Office of Special Counsel is an investigative and prosecutorial office that works to end government and political corruption, and to protect government employees and whistleblowers.",https://osc.gov/,,,,,,,"1730 M St., NW",,Office of Special Counsel,,,,,,,Independent Agency,,Office of Special Counsel,https://osc.gov/Pages/contact.aspx,,,Contact the Office of Special Counsel,,,Office of Special Counsel Forms,,,,,,,,https://osc.gov/Forms,,,,,,,,,,1-202-804-7000,
,,1-800-877-8339,"The Office of Personnel Management manages the civil service of the federal government, coordinates recruiting of new government employees, and manages their health insurance and retirement benefits programs. They  also provide resources for locating student jobs, summer jobs, scholarships, and internships.",https://www.opm.gov/,,,,OPM,,,"1900 E St., NW",,Office of Personnel Management,,,,,,,Independent Agency,,Office of Personnel Management (OPM),https://www.opm.gov/about-us/contact-us/,,,Contact the Office of Personnel Management,,,Office of Personnel Management Forms,,,,,,,,https://www.opm.gov/forms/,,,,,,,,,,1-202-606-1800,
,,1-415-561-5301,The Presidio Trust preserves the Presidio National Park as an enduring resource for the American people.,http://www.presidio.gov,,,,,,,103 Montgomery St.,,Presidio Trust,,,,,,,"Independent Board, Commission, Committee",,Presidio Trust,,mailto:presidio@presidiotrust.gov,,,,,,,,,,,,,,,,,,,,,,,1-415-561-5418,
,,1-877-889-2457,The Postal Service provides mail processing and delivery services to individuals and businesses in the U.S.,https://www.usps.com/,1-800-222-1811,,,USPS,,,USPS Office of the Consumer Advocate,,U.S. Postal Service (USPS),,,,,,,Independent Agency,,Postal Service (USPS),http://www.usps.com/customerservice/welcome.htm?from=global_footer&page=customerservice,,,Contact the U.S. Postal Service,https://tools.usps.com/find-location.htm,,Postal Service Forms,,,Locate a Post Office,1-800-275-8777,,,,https://about.usps.com/forms/welcome.htm,,,,,,,,,,,
,,,"The Postal Regulatory Commission is responsible for oversight of the U.S. Postal Service, including oversight of rates and services, and ensuring the Postal Service meets all of its legal requirements.",http://www.prc.gov,,,,,,,"901 New York Ave., NW",,Postal Regulatory Commission,,,,,,,Independent Agency,,Postal Regulatory Commission,http://www.prc.gov/contact/,,,Contact the Postal Regulatory Commission,,,,,,,,,,,,,,,,,,,,,1-202-789-6800,
,,1-800-877-8339,The Pension Benefit Guaranty Corporation insures and guarantees private sector workers' pensions.,https://www.pbgc.gov/,1-800-736-2444,,,PBGC,,,,,Pension Benefit Guaranty Corporation (PBGC),,,,,,,Independent Agency,,Pension Benefit Guaranty Corporation (PBGC),https://www.pbgc.gov/about/pg/contact/contact,mailto:mypension@pbgc.gov,,Contact the Pension Benefit Guaranty Corporation,,,Worker and Retiree Forms,,,,1-800-400-7242,,,1-202-326-4242,https://www.pbgc.gov/wr/transactions/forms-for-workers-and-retirees.html,,,,,,,,,,1-202-326-4000,
,,,"Peace Corps volunteers travel to developing countries all over the world to assist with many ongoing efforts including AIDS education, business training, and information infrastructure development.",https://www.peacecorps.gov/,,,,,,,"1111 20th St., NW",,Peace Corps,,,,,,,Independent Agency,,Peace Corps,https://www.peacecorps.gov/contact/,,,Contact the Peace Corps,https://www.peacecorps.gov/volunteer/connect-with-a-recruiter/,,,,,Find a Recruitment Office Near You,1-855-855-1961,,,,,,,,,,,,,,,
,,,The Privacy and Civil Liberties Oversight Board ensures that the federal government’s efforts to prevent terrorism are balanced with the need to protect privacy and civil liberties.​,https://www.pclob.gov/,,,,PCLOB,,,"800 North Capitol Street, NW",,Privacy and Civil Liberties Oversight Board,,,,,,,Independent Agency,,Privacy and Civil Liberties Oversight Board (PCLOB),https://www.pclob.gov/About/Contact,mailto:info@pclob.gov,,Contact the Privacy and Civil Liberties Oversight Board,,,,,,,,,,,,,,,,,,,,,1-202-296-4649,
,,1-312-751-4701,"The Railroad Retirement Board administers retirement, survivor, unemployment, and sickness benefits for U.S. railroad workers and their families.",https://rrb.gov/,,,,RRB,,,844 North Rush St.,,Railroad Retirement Board (RRB),,,,,,,Independent Agency,,Railroad Retirement Board (RRB),https://www.rrb.gov/ContactUs,,,Contact the Railroad Retirement Board,https://www.rrb.gov/Field-Office-Locator,,Railroad Retirement Board Forms,,,Railroad Retirement Board Local Offices,1-877-772-5772,,,,https://rrb.gov/Benefits/Retirement/downloadableforms,,,,,,,,,,1-312-751-4300,
,,,"The Social Security Advisory Board advises the president, congress and the commissioner of Social Security on Social Security and Supplemental Security Income policy.",https://www.ssab.gov/,,,,,,,"400 Virginia Ave., SW",,Social Security Advisory Board,,,,,,,"Independent Board, Commission, Committee",,Social Security Advisory Board,https://www.ssab.gov/contact/,mailto:info@ssab.gov,,Contact the Social Security Advisory Board,,,,,,,,,,,,,,,,,,,,,1-202-475-7700,
,,1-800-325-0778,"The Social Security Administration assigns Social Security numbers, and administers the Social Security retirement, survivors, and disability insurance programs. They also administer the Supplemental Security Income program for the aged, blind, and disabled.",http://www.ssa.gov/,,,,SSA,,,6401 Security Blvd.,,Social Security Administration (SSA),,,,,,,Independent Agency,,Social Security Administration (SSA),https://www.ssa.gov/agency/contact/,,,Contact the Social Security Administration,https://secure.ssa.gov/apps6z/FOLO/fo001.jsp,,Social Security Administration Forms,,,Find a Social Security Office Near You,1-800-772-1213,,,,https://www.ssa.gov/forms/,,,,,,,,,,,
,,1-202-633-5285,"The Smithsonian is the world's largest museum and research complex, with 19 museums and galleries, the National Zoo, and 9 research facilities.",http://www.si.edu/,,,,,,,PO Box 37012,,Smithsonian Institution,,,,,,,Quasi-official,,Smithsonian Institution,http://www.si.edu/Contacts,mailto:info@si.edu,,Contact the Smithsonian Institution,http://www.si.edu/Visit,,,,,Visit the Smithsonian,,,,,,,,,,,,,,,1-202-633-1000,
,,1-704-344-6640,"The Small Business Administration helps Americans start, build and grow businesses. Through an extensive network of field offices and partnerships, the Small Business Administration assists and protects the interests of small business concerns.",http://www.sba.gov/,,,,SBA,,,"409 3rd St., SW",,Small Business Administration (SBA),,,,,,,Independent Agency,,Small Business Administration (SBA),https://www.sba.gov/about-sba/organization/contact-sba,mailto:answerdesk@sba.gov,,Contact the Small Business Administration,https://www.sba.gov/about-sba/sba-locations/sba-district-offices,,Small Business Administration Forms,,,Find an Office Near You,1-800-827-5722,,,,https://www.sba.gov/about-sba/sba-performance/policy-regulations/standard-operating-procedures/sba-forms,,,,,,,,,,,
,,,"The U.S. Sentencing Commission studies and develops sentencing policies for the federal courts. The Commission serves as an information resource for Congress, the executive, the courts and the public on matters relating to federal crime and sentencing as well.",https://www.ussc.gov/,,,,,,,"One Columbus Circle, NE",,U.S. Sentencing Commission,,,,,,,Judicial,,Sentencing Commission,https://www.ussc.gov/about/who-we-are/organization/contact-us,mailto:pubaffairs@ussc.gov,,Contact the U.S. Sentencing Commission,,,,,,,,,,,,,,,,,,,,,1-202-502-4500,
,,1-800-877-8339,The Selective Service System provides the Department of Defense personnel in the event of a national emergency. Male citizens and immigrants are required to register with the Selective Service when they turn 18.,https://www.sss.gov/,,,,SSS,,,PO Box 94638,,Selective Service System (SSS),,,,,,,Independent Agency,,Selective Service System (SSS),https://www.sss.gov/contact/,mailto:DMCSupport@sss.gov,,Contact the Selective Service System,,,Selective Service System Forms,,,,1-888-655-1825,,,,https://www.sss.gov/forms/,,,,,,,,,,1-847-688-6888,
,File an Investor Complaint,,"The Securities and Exchange Commission oversees securities exchanges, securities brokers and dealers, investment advisors, and mutual funds in an effort to promote fair dealing, the disclosure of important market information, and to prevent fraud.",http://www.sec.gov/,,,,SEC,,,"100 F St., NE",,Securities and Exchange Commission (SEC),,,,,https://www.sec.gov/oiea/Complaint.html,,Independent Agency,,Securities and Exchange Commission (SEC),http://www.sec.gov/contact.shtml,,,Contact the Securities and Exchange Commission,,,Securities and Exchange Commission Forms,,,,1-800-732-0330,,,1-202-551-4119,https://www.sec.gov/forms,,,,,,,,,,1-202-551-6551,
,,,"The Susquehanna River Basin Commission is an interstate body, with representatives from New York, Maryland, Pennsylvania and the federal government, that manages the environmental stewardship and economic development of the Susquehanna river and its tributaries.",http://www.srbc.net/,,,,,,,4423 N. Front St.,,Susquehanna River Basin Commission,,,,,,,"Independent Board, Commission, Committee",,Susquehanna River Basin Commission,https://www.srbc.net/contact-us.html,mailto:srbc@srbc.net,,Contact the Susquehanna River Basin Commission,,,Susquehanna River Basin Commission Forms,,,,,,,,http://www.srbc.net/forms/index.htm,,,,,,,,,,1-717-238-0423,
,,1-800-877-8339,"The Surface Transportation Board regulates and decides disputes involving railroad rates, railroad mergers or line sales, and certain other transportation matters.",https://www.stb.gov/,,,,,,,"395 E St., SW",,Surface Transportation Board,,,,,,,Independent Agency,,Surface Transportation Board,https://prod.stb.gov/,mailto:rcpa@stb.gov,,Contact the Surface Transportation Board,,,,,,,,,,,,,,,,,,,,,1-202-245-0245,
,,1-202-479-3472,"The U.S. Supreme Court is the final appellate court of the U.S. judicial system. It has the power to review and overturn the decisions of lower courts. The Supreme Court also has original jurisdiction (being the first and final court to hear a case) in certain cases involving public officials, ambassadors, or disputes between states.",http://www.supremecourtus.gov/,,,,,,,"One First St., NE",,Supreme Court of the United States,,,,,,,Judicial,,Supreme Court of the United States,http://www.supremecourt.gov/contact/contactus.aspx,,,Contact the Supreme Court of the United States,,,,,,,,,,1-202-479-3030,,,,,,,,,,,1-202-479-3000,
,,,The State Justice Institute is a grant-making organization dedicated to improving the quality of justice in all state courts. It also works to facilitate better coordination between state and federal courts.,http://www.sji.gov/about.php,,,,,,,11951 Freedom Dr.,,State Justice Institute,,,,,,,Quasi-official,,State Justice Institute,,mailto:contact@sji.gov,,,,,State Justice Institute Forms,,,,,,,,http://www.sji.gov/forms/,,,,,,,,,,1-571-313-8843,
,Staff Directory,,"The United States Trade and Development Agency links U.S. businesses to export opportunities by funding project planning activities, pilot projects, and reverse trade missions.",http://www.ustda.gov/,,,,,,,1000 Wilson Blvd.,,U.S. Trade and Development Agency,,,,,https://ustda.gov/about/,,Independent Agency,,Trade and Development Agency,https://ustda.gov/contact/,mailto:info@ustda.gov,,Contact the U.S. Trade and Development Agency,,,,,,,,,,,,,,,,,,,,,1-703-875-4357,
,,,"The Tennessee Valley Authority provides low-cost electricity in seven southeastern states, and provides flood control, navigation, and land management for the Tennessee River system.",https://www.tva.com/,,,,TVA,,,400 W. Summit Hill Dr.,,Tennessee Valley Authority,,,,,,,Independent Agency,,Tennessee Valley Authority (TVA),https://www.tva.com/about-tva/contact-us,mailto:tvainfo@tva.com,,Contact the Tennessee Valley Authority,,,,,,,,,,,,,,,,,,,,,1-865-632-2101,
,,,The Tax Court decides disputes between the Internal Revenue Service and taxpayers.,http://www.ustaxcourt.gov/,,,,,,,"400 Second St., NW",,Tax Court,,,,,,,Judicial,,Tax Court,https://www.ustaxcourt.gov/directory.html,,,Contact the Tax Court,,,Tax Court Forms,,,,,,,,https://www.ustaxcourt.gov/case_related_forms.html,,,,,,,,,,1-202-521-0700,
,,,The Woodrow Wilson International Center for Scholars conducts and promotes objective research to inform public policy and debate.,http://www.wilsoncenter.org,,,,,,,One Woodrow Wilson Plaza,,Woodrow Wilson International Center for Scholars,,,,,,,Quasi-official,,Woodrow Wilson International Center for Scholars,https://www.wilsoncenter.org/,mailto:wwics@wilsoncenter.org,,Contact the Woodrow Wilson International Center for Scholars,,,,,,,,,,,,,,,,,,,,,1-202-691-4000,
,,1-202-456-6213,"The White House houses the executive office of the President, and serves as the President's residence.",http://www.whitehouse.gov/,,,,,,,"1600 Pennsylvania Ave., NW",,White House,,,,1-202-456-2121,,,None,,White House,http://www.whitehouse.gov/contact/,,,Contact the White House,,,,,,,,,,1-202-456-1111,,,,,,,,,,,1-202-456-1414,
,Find a Volunteer Opportunity Near You,,"AmeriCorps Seniors is a network of volunteer programs for Americans 55 years and older. Volunteers work in their community doing academic tutoring and mentoring, elderly care, disaster relief, and more.",https://www.nationalservice.gov/programs/senior-corps,,,,,,,"250 E St., SW",,AmeriCorps Seniors,,,,,https://www.nationalservice.gov/programs/senior-corps/get-involved/senior-corps-pathfinder,,Independent Agency,,AmeriCorps Seniors,https://nationalservice.gov/about/contact-us,,,Contact AmeriCorps Seniors,,,,,,,1-800-942-2677,,,,,,,,,,,,,,,
,,,The Pretrial Services Agency for the District of Columbia's promotes pretrial justice and enhances community safety.,https://www.psa.gov/,,,,,,,"633 Indiana Ave., NW",,Pretrial Services Agency for the District of Columbia,,,,,,,Executive Department Sub-Office/Agency/Bureau,,Pretrial Services Agency for the District of Columbia,https://www.psa.gov/?q=contact,mailto:contact@psa.gov,,Contact the Pretrial Services Agency for the District of Columbia,https://www.psa.gov/?q=contact/location_directory,,,,,Location Directory,,,,,,,,,,,,,,,1-202-220-5500,
,,,Fannie Mae purchases mortgages from lending institutions in an effort to increase affordable lending activity at those institutions. Fannie Mae is not a federal agency. It is a government-sponsored enterprise under the conservatorship of the Federal Housing Finance Agency (FHFA).,https://www.fanniemae.com/,,,,,,,"1100 15th Street, NW",,Federal National Mortgage Association (Fannie Mae),,,,,,,Quasi-official,,Fannie Mae,https://www.fanniemae.com/portal/about-fm/contact-us.html,,,Contact the Federal National Mortgage Association (Fannie Mae) Contact Fannie Mae,https://www.knowyouroptions.com/get-help-overview/fannie-mae-mortgage-help-network,,,,,Find A Local Fannie Mae Mortgage Help Center,1-800-2FANNIE,,,,,,,,,,,,,,,
,,,"A private corporation founded by Congress, the Federal Home Loan Mortgage corporation's mission is to promote stability and affordability in the housing market by purchasing mortgages from banks and other loan makers. The corporation is currently under conservatorship, under the direction of the Federal Housing Finance Agency.",http://www.freddiemac.com,1-888-995-HOPE,,,,,,8200 Jones Branch Dr.,,Federal Home Loan Mortgage Corporation (Freddie Mac),,,,,,,Quasi-official,,Federal Home Loan Mortgage Corporation  (Freddie Mac),http://www.freddiemac.com/about/contact-us.html,,,Contact the Federal Home Loan Mortgage Corporation (Freddie Mac),,,Federal Home Loan Mortgage Corporation  (Freddie Mac) Forms,,,,1-800-424-5401,,,,https://sf.freddiemac.com/tools-learning/sellerservicer-guide/overview#tab1,,,,,,,,,,1-703-903-2000,
,,,"With a national jurisdiction, the Court of Appeals for the Federal Circuit hears appeals on patent and certain civil cases from courts such as the U.S. Court of International Trade and the Court of Federal Claims, among others. The Court of Appeals for the Federal Circuit may also review the administrative rulings of the Patent and Trademark Office, the Secretary of Commerce and other agencies.",http://www.cafc.uscourts.gov/,,,,,,,717 Madison Place,,Court of Appeals for the Federal Circuit,,,,,,,Judicial,,Court of Appeals for the Federal Circuit,http://www.uscourts.gov/court-locator,,,Contact the Court of Appeals for the Federal Circuit,https://cafc.uscourts.gov/home/information-for/visiting-the-court/,,Court of Appeals for the Federal Circuit Forms,,,Directions to the Court of Appeals for the Federal Circuit,,,,,http://www.cafc.uscourts.gov/rules-of-practice/forms,,,,,,,,,,1-202-275-8000,
,,,Program for certified interpreters to serve in federal courts and help deaf people and speakers of languages other than English to communicate.,https://www.uscourts.gov/services-forms/federal-court-interpreters,,,,,,,Administrative Office of the US Courts,,Federal Court Interpreters,,,,,,,Judicial,,Federal Court Interpreters,https://www.uscourts.gov/contact-us,,,Contact Form,,,,,,,,,,,,,,,,,,,,,1-202-479-3211,
Employee Directory,Child Nutrition Programs,,"The Department of Agriculture provides leadership on food, agriculture, natural resources, and related issues.",https://www.usda.gov/,,https://www.ams.usda.gov/local-food-directories/farmersmarkets,,USDA,https://offices.sc.egov.usda.gov/employeeDirectory/app,https://www.fns.usda.gov/snap/state-directory,"1400 Independence Ave., SW",Food Stamps,U.S. Department of Agriculture (USDA),,,,,https://www.fns.usda.gov/program/assistance-children-kindergarten-12th-grade,,Executive Department,,Agriculture Department (USDA),https://www.usda.gov/contact-us,,Farmers Markets Near You,Contact the U.S. Department of Agriculture (USDA),https://www.rd.usda.gov/page/state-offices,Find a Service Center Near You,,,,Rural Development Office Locator,,Meat and Poultry Hotline,,,,,,,,,,,,https://offices.sc.egov.usda.gov/locator/app,1-202-720-2791,https://www.fsis.usda.gov/food-safety/safe-food-handling-and-preparation/usda-meat-and-poultry-hotline
,,,"The Council on Environmental Quality coordinates federal environmental activities, and the development of environmental policy.",https://www.whitehouse.gov/ceq/,,,,,,,"730 Jackson Place, NW",,Council on Environmental Quality,,,,,,,Executive Office of the President,,Council on Environmental Quality,https://www.whitehouse.gov/contact/,,,Contact the Council on Environmental Quality,,,,,,,,,,,,,,,,,,,,,1-202-395-5750,
,,,The Council of Economic Advisers gives the president advice on domestic and international economic policy.,https://www.whitehouse.gov/cea,,,,,,,The White House,,Council of Economic Advisers,,,,,,,Executive Office of the President,,Council of Economic Advisers,https://www.whitehouse.gov/contact,,,Contact the Council of Economic Advisers,,,,,,,,,,,,,,,,,,,,,,
,,,"The Department of Commerce works with businesses, universities, communities, and the Nation’s workers to promote job creation, economic growth, sustainable development, and improved standards of living for Americans.",https://www.commerce.gov/,,,,DOC,,,"1401 Constitution Ave., NW",,U.S. Department of Commerce,,,,,,,Executive Department,,Commerce Department (DOC),https://www.commerce.gov/about/contact-us,mailto:TheSec@doc.gov,,Contact the U.S. Department of Commerce,https://www.commerce.gov/locations,,,,,Commerce Offices Near You,,,,1-202-482-1154,,,,,,,,,,,1-202-482-2000,
,,,"The Department of Defense provides the military forces needed to deter war, and to protect the security of the United States.",https://www.defense.gov/,,,,DOD,,,1400 Defense Pentagon,,Department of Defense,,,,,,,Executive Department,,Defense Department (DOD),https://www.defense.gov/ask-us/listing/,,,Contact the Department of Defense (public inquiries),https://installations.militaryonesource.mil/,,Department of Defense Forms,,,Find Military Installations,,,,,https://www.esd.whs.mil/Directives/forms/,,,,,,,,,,,
,,1-800-829-4833,"The Department of Veterans Affairs runs programs benefiting veterans and members of their families. It offers education opportunities and rehabilitation services and provides compensation payments for disabilities or death related to military service, home loan guaranties, pensions, burials, and health care that includes the services of nursing homes, clinics, and medical centers.",http://www.va.gov/,,,,VA,,,"810 Vermont Ave., NW",,Department of Veterans Affairs (VA),,,,,,,Executive Department,,Department of Veterans Affairs (VA),https://www.va.gov/contact-us/,,,Contact the Department of Veterans Affairs,https://www.va.gov/directory/guide/home.asp,,Department of Veterans Affairs Forms,,,Find Facilities and Services Near You,1-800-827-1000,,,,https://www.va.gov/vaforms/,,,,,,,,,,,
,File a Vehicle Safety Complaint,1-800-877-8339,The Department of Transportation is responsible for planning and coordinating federal transportation projects. It also sets safety regulations for all major modes of transportation.,https://www.transportation.gov,,,,DOT,,https://www.transportation.gov/airconsumer/file-consumer-complaint,"1200 New Jersey Ave., SE",File an Air Travel Complaint,Department of Transportation (DOT),,,,,https://www.nhtsa.gov/report-a-safety-problem,,Executive Department,,Department of Transportation (DOT),https://www.transportation.gov/contact-us,mailto:dot.comments@dot.gov,,Contact the Department of Transportation,https://www.nhtsa.gov/equipment/car-seats-and-booster-seats#installation-help-inspection,,,,,Child Car Seat Fitting Station Locator,1-855-368-4200,,,,,,,,,,,,,,1-202-366-4000,
,,,"The Department of the Treasury manages Federal finances by collecting taxes and paying bills and by managing currency, government accounts and public debt. The Department of the Treasury also enforces finance and tax laws.",http://www.treasury.gov/Pages/default.aspx,,,,,,,"1500 Pennsylvania Ave., NW",,Department of the Treasury,,,,,,,Executive Department,,Department of the Treasury,http://www.treasury.gov/connect/Pages/contact-us.aspx,,,Contact the Department of the Treasury,,,Department of the Treasury Forms,,,,,,,,https://www.treasury.gov/services/Pages/Forms.aspx,,,,,,,,,,1-202-622-2000,
,,,"The Department of the Interior manages public lands and minerals, national parks, and wildlife refuges and upholds Federal trust responsibilities to Indian tribes and Native Alaskans. Additionally, Interior is responsible for endangered species conservation and other environmental conservation efforts.",https://www.doi.gov/,,,,DOI,,,"1849 C St., NW",,Department of the Interior (DOI),,,,,,,Executive Department,,Department of the Interior (DOI),https://www.doi.gov/contact-us,mailto:feedback@ios.doi.gov,,Contact the Department of the Interior,,,Department of the Interior Forms,,,,,,,,https://www.doi.gov/eforms,,,,,,,,,,1-202-208-3100,
,Help for Americans During a Crisis Abroad,1-800-877-8339,"The Department of State advises the President and leads the nation in foreign policy issues. The State Department negotiates treaties and agreements with foreign entities, and represents the United States at the United Nations.",https://www.state.gov/,,https://www.usembassy.gov/,,DOS,,,"2201 C St., NW",,Department of State (DOS),,,,,https://travel.state.gov/content/travel/en/international-travel/emergencies.html,,Executive Department,,Department of State (DOS),https://register.state.gov/contactus/contactusform,,U.S. Embassies World-Wide,Contact the Department of State,https://travel.state.gov/content/travel/en/consularnotification/ConsularNotificationandAccess.html,Find the Passport Agency Near You,U.S. Department of State Form Finder,,,Foreign Embassies in the United States,,,,,https://eforms.state.gov/,,,,,,,,,https://travel.state.gov/content/travel/en/passports/get-fast/passport-agencies.html,1-202-647-4000,
,Employee Benefits Security Administration,1-877-889-5627,"The Department of Labor administers federal labor laws to guarantee workers' rights to fair, safe, and healthy working conditions, including minimum hourly wage and overtime pay, protection against employment discrimination, and unemployment insurance.",https://www.dol.gov/,,,,DOL,,https://www.dol.gov/agencies/vets/about/nationaloffice,Frances Perkins Building,Veterans Employment and Training,Department of Labor (DOL),,,,,https://www.dol.gov/agencies/ebsa,,Executive Department,,Department of Labor (DOL),https://www.dol.gov/general/contact,,,Contact the Department of Labor,https://www.dol.gov/agencies/whd/contact/local-offices,,Department of Labor Forms,,,Department of Labor Wage and Hour Division Local Offices,1-866-4-USA-DOL,,,,https://www.dol.gov/general/forms,,,,,,,,,,,
,Directory of Department Officials,,"The Department of Justice enforces federal laws, seeks just punishment for the guilty, and ensures the fair and impartial administration of justice.",https://www.justice.gov/,,,,DOJ,,,"950 Pennsylvania Ave., NW",,Department of Justice (DOJ),,,,,https://www.justice.gov/component-contact-information,,Executive Department,,Department of Justice (DOJ),https://www.justice.gov/contact-us,mailto:AskDOJ@usdoj.gov,,Contact the Department of Justice,,,Department of Justice Forms,,,,,,,,https://www.justice.gov/forms,,,,,,,,,,1-202-514-2000,
,Report Housing Discrimination,1-202-708-1455,The Department of Housing and Urban Development administers programs that provide housing and community development assistance. The Department also works to ensure fair and equal housing opportunity for all.,https://www.hud.gov/,,https://www.hud.gov/program_offices/public_indian_housing/pha/contacts,,HUD,,https://peoplesearch.hud.gov/po/i/netlocator/,"451 7th St., SW",Employee Directory,Department of Housing and Urban Development (HUD),,,Housing and Urban Development Local Offices,,https://www.hud.gov/program_offices/fair_housing_equal_opp/online-complaint,,Executive Department,,Department of Housing and Urban Development (HUD),https://www.hud.gov/program_offices/public_indian_housing/pha/contacts,,Find the Public Housing Agency Near You,Contact the Department of Housing and Urban Development,https://www.hud.gov/states,Find a Housing Counselor Near You,Department of Housing and Urban Development Forms,https://www.hud.gov/program_offices/field_policy_mgt/localoffices,,HUD Resources in Your State,,,,,https://www.hud.gov/program_offices/administration/hudclips/forms,,,,,,,,,https://hudgov-answers.force.com/housingcounseling/s/,1-202-708-1112,
,,,"The Department of Homeland Security works to improve the security of the United States. The Department's work includes customs, border, and immigration enforcement, emergency response to natural and manmade disasters, antiterrorism work, and cybersecurity.",https://www.dhs.gov/,,,,DHS,,,"245 Murray Lane, SW",,Department of Homeland Security (DHS),,,,,,,Executive Department,,Department of Homeland Security (DHS),https://www.dhs.gov/contact-us,,,Contact the Department of Homeland Security,,,Department of Homeland Security Forms,,,,,,,,https://www.dhs.gov/frequently-requested-forms,,,,,,,,,,1-202-282-8000,
,,,The Department of Health and Human Services protects the health of all Americans and provides essential human services.,https://www.hhs.gov/,,,,HHS,,,"200 Independence Ave., SW",,U.S. Department of Health and Human Services (HHS),,,,,,,Executive Department,,Department of Health and Human Services (HHS),https://www.hhs.gov/about/contact-us/index.html,,,Contact the U.S. Department of Health and Human Services,,,Department of Health and Human Services Forms,,,,1-877-696-6775,,,,https://www.hhs.gov/forms/,,,,,,,,,,,
,,1-800-877-8339,The Department of Energy manages the United States' nuclear infrastructure and administers the country's energy policy. The Department of Energy also funds scientific research in the field.,https://www.energy.gov/,,,,DOE,,,"1000 Independence Ave., SW",,Department of Energy (DOE),,,,,,,Executive Department,,Department of Energy (DOE),https://www.energy.gov/contact-us,mailto:the.secretary@hq.doe.gov,,Contact the Department of Energy,,,Department of Energy Forms,,,,,,,,https://www.energy.gov/cio/office-chief-information-officer/services/forms,,,,,,,,,,1-202-586-5000,
,Student Loan Questions,1-800-877-8339,"The Department of Education fosters educational excellence, and to ensures equal access to educational opportunity for all.",http://www.ed.gov,,,,ED,,,"400 Maryland Ave., SW",,Department of Education (ED),,,,,https://studentaid.gov/help-center/contact,,Executive Department,,Department of Education (ED),http://www2.ed.gov/about/contacts/gen/index.html,,,Contact the Department of Education,,,Department of Education Forms,,,,1-800-USA-LEARN,,,,https://www2.ed.gov/fund/grant/apply/appforms/appforms.html,,,,,,,,,,,
,,,The National Security Council advises the President on national security and foreign policy.,https://www.whitehouse.gov/nsc/,,,,NSC,,,The White House,,National Security Council,,,,,,,Executive Office of the President,,National Security Council (NSC),https://www.whitehouse.gov/contact,,,Contact the National Security Council,,,,,,,,,,,,,,,,,,,,,,
,,,The Office of Science and Technology Policy advises the president on the effects of science and technology on domestic and international affairs.,https://www.whitehouse.gov/ostp/,,,,,,,Office of Science and Technology Policy,,Office of Science and Technology Policy,,,,,,,Executive Office of the President,,Office of Science and Technology Policy,https://www.whitehouse.gov/contact/,mailto:engagement@ostp.eop.gov,,Contact the Office of Science and Technology Policy,,,,,,,,,,,,,,,,,,,,,1-202-456-4444,
,,,The Office of National Drug Control Policy advises the president on drug-control issues.,http://www.whitehouse.gov/ondcp,,,,ONDCP,,,The White House,,Office of National Drug Control Policy,,,,,,,Executive Office of the President,,Office of National Drug Control Policy (ONDCP),https://www.whitehouse.gov/contact,,,Contact the Office of National Drug Control Policy,,,,,,,,,,,,,,,,,,,,,,
,,,"The Office of Management and Budget oversees the performance of federal agencies, and administers the federal budget.",https://www.whitehouse.gov/omb/,,,,OMB,,,"725 17th St., NW",,Office of Management and Budget (OMB),,,,,,,Executive Office of the President,,Office of Management and Budget (OMB),https://www.whitehouse.gov/omb/,,,Contact the Office of Management and Budget,,,,,,,,,,,,,,,,,,,,,1-202-395-3080,
,,,The U.S. Trade Representative negotiates with foreign governments to craft trade agreements and resolve disputes.,http://www.ustr.gov/,,,,,,,,,U.S. Trade Representative,,,,,,,Executive Office of the President,,Trade Representative,http://www.ustr.gov/about-us/contact-us,mailto:correspondence@ustr.eop.gov  ,,Contact the U.S. Trade Representative,,,,,,,,,,,,,,,,,,,,,,
